campaign,run,cpi_ms,frame,phase,dsp_ms,backend,clutter_ms,ambiguity_ms,reference_ms
results,span2400-pair-fast-cpu-w1f4-r1,200,0,cold,367.200458,cpu,86.121952,143.609591,0.000247
results,span2400-pair-fast-cpu-w1f4-r1,200,1,warmup,341.277519,cpu,89.075901,125.777753,0.000588
results,span2400-pair-fast-cpu-w1f4-r1,200,2,warmup,319.111242,cpu,67.304863,125.167482,0.000319
results,span2400-pair-fast-cpu-w1f4-r1,200,3,steady,304.255516,cpu,65.220332,111.486754,0.000261
results,span2400-pair-fast-cpu-w1f4-r1,200,4,steady,343.4188,cpu,79.60628,137.388835,0.000385
results,span2400-pair-fast-cpu-w1f4-r1,200,5,steady,356.711012,cpu,83.051351,147.031667,0.000315
results,span2400-pair-fast-cpu-w1f4-r1,200,6,steady,308.122947,cpu,68.41796,114.034975,0.000392
results,span2400-pair-fast-cpu-w1f4-r1,200,7,steady,315.044573,cpu,75.940819,108.72813,0.000348
results,span2400-pair-fast-cpu-w1f4-r1,200,8,steady,334.413826,cpu,83.954047,110.891908,0.000578
results,span2400-pair-fast-cpu-w1f4-r1,200,9,steady,360.059074,cpu,82.7461,148.930919,0.000575
results,span2400-pair-fast-cpu-w1f4-r1,200,10,steady,381.465546,cpu,101.929995,149.154786,0.000543
results,span2400-pair-fast-cpu-w1f4-r1,200,11,steady,368.846267,cpu,82.793887,157.306713,0.00066
results,span2400-pair-fast-gpu-w1f4-r1,200,0,gpu_qualification,446.679807,cpu,94.935506,208.990246,0.000496
results,span2400-pair-fast-gpu-w1f4-r1,200,1,gpu_qualification,378.945899,cpu,93.567189,155.368813,0.000418
results,span2400-pair-fast-gpu-w1f4-r1,200,2,gpu_qualification,362.599304,cpu,89.716348,142.957396,0.000333
results,span2400-pair-fast-gpu-w1f4-r1,200,3,steady,236.302394,vulkan,76.037262,33.465981,0.000301
results,span2400-pair-fast-gpu-w1f4-r1,200,4,steady,263.189448,vulkan,97.574087,32.206177,0.000651
results,span2400-pair-fast-gpu-w1f4-r1,200,5,steady,258.143623,vulkan,91.01368,38.441584,0.000393
results,span2400-pair-fast-gpu-w1f4-r1,200,6,steady,269.806366,vulkan,103.602179,32.376364,0.000271
results,span2400-pair-fast-gpu-w1f4-r1,200,7,steady,271.22055,vulkan,107.613102,33.496829,0.000491
results,span2400-pair-fast-gpu-w1f4-r1,200,8,steady,257.604932,vulkan,94.177539,34.021522,0.000323
results,span2400-pair-fast-gpu-w1f4-r1,200,9,steady,253.172511,vulkan,92.300546,33.125462,0.000632
results,span2400-pair-fast-gpu-w1f4-r1,200,10,steady,249.365811,vulkan,89.150787,31.889983,0.000355
results,span2400-pair-fast-gpu-w1f4-r1,200,11,steady,257.87981,vulkan,92.254342,37.35821,0.000482
results,span2400-pair-upstream-cpu-w1f4-r1,200,0,cold,323.777433,cpu,72.661896,109.516884,0.000734
results,span2400-pair-upstream-cpu-w1f4-r1,200,1,warmup,327.797142,cpu,78.730111,115.196944,0.000342
results,span2400-pair-upstream-cpu-w1f4-r1,200,2,warmup,361.52287,cpu,87.483374,142.398469,0.000268
results,span2400-pair-upstream-cpu-w1f4-r1,200,3,steady,371.188458,cpu,92.634933,141.447742,0.000491
results,span2400-pair-upstream-cpu-w1f4-r1,200,4,steady,308.292857,cpu,67.413525,107.909414,0.00022
results,span2400-pair-upstream-cpu-w1f4-r1,200,5,steady,304.857789,cpu,65.353323,106.668801,0.000423
results,span2400-pair-upstream-cpu-w1f4-r1,200,6,steady,307.097041,cpu,67.734357,108.453656,0.000332
results,span2400-pair-upstream-cpu-w1f4-r1,200,7,steady,354.442496,cpu,64.795405,157.868847,0.000417
results,span2400-pair-upstream-cpu-w1f4-r1,200,8,steady,351.372153,cpu,90.056221,128.069489,0.00032
results,span2400-pair-upstream-cpu-w1f4-r1,200,9,steady,318.018554,cpu,66.898965,113.633142,0.00036
results,span2400-pair-upstream-cpu-w1f4-r1,200,10,steady,328.744676,cpu,67.067788,125.829803,0.000365
results,span2400-pair-upstream-cpu-w1f4-r1,200,11,steady,313.363353,cpu,68.941182,112.992969,0.000344
results,span2500-array-fast-cpu-w4f1-r1,200,0,cold,775.059136,cpu,407.885764,131.072398,36.533313
results,span2500-array-fast-cpu-w4f1-r1,200,1,warmup,716.273043,cpu,386.650495,121.604494,34.060786
results,span2500-array-fast-cpu-w4f1-r1,200,2,warmup,658.16868,cpu,350.11218,119.72527,24.904708
results,span2500-array-fast-cpu-w4f1-r1,200,3,steady,701.085392,cpu,399.210265,111.570782,25.558469
results,span2500-array-fast-cpu-w4f1-r1,200,4,steady,669.960194,cpu,340.088412,122.676568,27.782065
results,span2500-array-fast-cpu-w4f1-r1,200,5,steady,679.244438,cpu,378.491925,109.244384,25.487161
results,span2500-array-fast-cpu-w4f1-r1,200,6,steady,658.298679,cpu,361.155923,108.578936,25.643903
results,span2500-array-fast-cpu-w4f1-r1,200,7,steady,665.168138,cpu,366.373831,110.077727,25.114635
results,span2500-array-fast-cpu-w4f1-r1,200,8,steady,648.355269,cpu,333.626144,127.173923,24.799805
results,span2500-array-fast-cpu-w4f1-r1,200,9,steady,681.06398,cpu,371.335544,112.16411,26.857912
results,span2500-array-fast-cpu-w4f1-r1,200,10,steady,668.060955,cpu,371.123087,106.577942,25.200317
results,span2500-array-fast-cpu-w4f1-r1,200,11,steady,679.78948,cpu,360.611876,125.932312,24.935014
results,span2500-array-fast-gpu-w4f1-r1,200,0,gpu_qualification,888.378569,cpu,362.202529,291.063913,38.005528
results,span2500-array-fast-gpu-w4f1-r1,200,1,gpu_qualification,758.327011,cpu,346.098195,212.81233,37.053227
results,span2500-array-fast-gpu-w4f1-r1,200,2,gpu_qualification,762.401036,cpu,368.402279,206.765291,25.29026
results,span2500-array-fast-gpu-w4f1-r1,200,3,steady,708.106893,vulkan,344.53195,172.670566,25.628494
results,span2500-array-fast-gpu-w4f1-r1,200,4,steady,737.459536,vulkan,348.537898,194.411432,25.818484
results,span2500-array-fast-gpu-w4f1-r1,200,5,steady,794.069695,vulkan,342.806741,264.995963,25.174682
results,span2500-array-fast-gpu-w4f1-r1,200,6,steady,721.329156,vulkan,339.623425,194.766113,25.132934
results,span2500-array-fast-gpu-w4f1-r1,200,7,steady,701.830914,vulkan,334.795898,175.097215,26.657793
results,span2500-array-fast-gpu-w4f1-r1,200,8,steady,889.028259,vulkan,413.968211,272.332227,25.800209
results,span2500-array-fast-gpu-w4f1-r1,200,9,steady,745.766134,vulkan,328.426413,230.479287,24.992343
results,span2500-array-fast-gpu-w4f1-r1,200,10,steady,783.798466,vulkan,356.992315,238.926601,25.185167
results,span2500-array-fast-gpu-w4f1-r1,200,11,steady,781.48458,vulkan,340.251075,253.170623,25.25508
results,span2500-pair-fast-cpu-w1f4-r1,200,0,cold,406.848114,cpu,96.630294,166.300908,0.000529
results,span2500-pair-fast-cpu-w1f4-r1,200,1,warmup,382.765569,cpu,86.525407,163.087131,0.000608
results,span2500-pair-fast-cpu-w1f4-r1,200,2,warmup,385.937038,cpu,85.979495,166.917726,0.00057
results,span2500-pair-fast-cpu-w1f4-r1,200,3,steady,323.9073,cpu,78.024835,114.40236,0.000526
results,span2500-pair-fast-cpu-w1f4-r1,200,4,steady,318.04199,cpu,68.261906,118.07289,0.000387
results,span2500-pair-fast-cpu-w1f4-r1,200,5,steady,370.246792,cpu,80.716034,158.664857,0.000343
results,span2500-pair-fast-cpu-w1f4-r1,200,6,steady,335.030937,cpu,65.119244,137.62407,0.000398
results,span2500-pair-fast-cpu-w1f4-r1,200,7,steady,315.626568,cpu,64.433177,119.617599,0.000602
results,span2500-pair-fast-cpu-w1f4-r1,200,8,steady,359.617699,cpu,103.219792,122.497603,0.000376
results,span2500-pair-fast-cpu-w1f4-r1,200,9,steady,384.831171,cpu,109.115747,136.495889,0.000641
results,span2500-pair-fast-cpu-w1f4-r1,200,10,steady,427.309523,cpu,96.468148,193.570189,0.000412
results,span2500-pair-fast-cpu-w1f4-r1,200,11,steady,314.773365,cpu,68.70684,113.64395,0.000411
results,span2500-pair-fast-gpu-w1f4-r1,200,0,gpu_qualification,422.056382,cpu,86.891295,182.771759,0.000602
results,span2500-pair-fast-gpu-w1f4-r1,200,1,gpu_qualification,370.980723,cpu,78.058081,156.45303,0.000329
results,span2500-pair-fast-gpu-w1f4-r1,200,2,gpu_qualification,353.328268,cpu,73.40002,148.904649,0.000295
results,span2500-pair-fast-gpu-w1f4-r1,200,3,steady,249.138375,vulkan,73.509656,43.341907,0.000309
results,span2500-pair-fast-gpu-w1f4-r1,200,4,steady,242.739962,vulkan,68.101852,41.93204,0.000564
results,span2500-pair-fast-gpu-w1f4-r1,200,5,steady,253.170185,vulkan,67.366743,47.621386,0.000347
results,span2500-pair-fast-gpu-w1f4-r1,200,6,steady,246.393521,vulkan,80.58061,34.306908,0.000613
results,span2500-pair-fast-gpu-w1f4-r1,200,7,steady,256.000968,vulkan,77.554211,44.878151,0.000359
results,span2500-pair-fast-gpu-w1f4-r1,200,8,steady,252.498728,vulkan,84.288597,36.285797,0.000741
results,span2500-pair-fast-gpu-w1f4-r1,200,9,steady,251.573757,vulkan,84.491088,34.107367,0.000384
results,span2500-pair-fast-gpu-w1f4-r1,200,10,steady,285.531583,vulkan,92.834563,42.998771,0.000628
results,span2500-pair-fast-gpu-w1f4-r1,200,11,steady,243.347287,vulkan,70.375321,41.05154,0.000317
results,span6000-pair-fast-cpu-w1f4-r1,200,0,cold,581.490623,cpu,64.503944,220.007692,0.000258
results,span6000-pair-fast-cpu-w1f4-r1,200,1,warmup,567.102809,cpu,69.039258,218.743498,0.000496
results,span6000-pair-fast-cpu-w1f4-r1,200,2,warmup,665.13998,cpu,86.094019,302.139832,0.000389
results,span6000-pair-fast-cpu-w1f4-r1,200,3,steady,587.691298,cpu,65.933466,239.971792,0.000363
results,span6000-pair-fast-cpu-w1f4-r1,200,4,steady,684.268212,cpu,89.573047,304.243631,0.000483
results,span6000-pair-fast-cpu-w1f4-r1,200,5,steady,686.58294,cpu,85.780447,312.668982,0.00029
results,span6000-pair-fast-cpu-w1f4-r1,200,6,steady,635.339693,cpu,89.010631,264.967231,0.000652
results,span6000-pair-fast-cpu-w1f4-r1,200,7,steady,639.8048,cpu,82.803193,274.580924,0.000329
results,span6000-pair-fast-cpu-w1f4-r1,200,8,steady,691.781409,cpu,87.24065,315.944201,0.000964
results,span6000-pair-fast-cpu-w1f4-r1,200,9,steady,595.614659,cpu,75.628627,236.346863,0.00054
results,span6000-pair-fast-cpu-w1f4-r1,200,10,steady,594.447769,cpu,66.189435,244.852676,0.000266
results,span6000-pair-fast-cpu-w1f4-r1,200,11,steady,694.747422,cpu,82.168826,323.353361,0.000519
results,span6000-pair-fast-gpu-w1f4-r1,200,0,gpu_qualification,692.091456,cpu,75.80586,326.402362,0.000731
results,span6000-pair-fast-gpu-w1f4-r1,200,1,gpu_qualification,641.146283,cpu,84.237062,269.809688,0.001048
results,span6000-pair-fast-gpu-w1f4-r1,200,2,gpu_qualification,643.574944,cpu,68.625735,300.998713,0.000777
results,span6000-pair-fast-gpu-w1f4-r1,200,3,steady,412.698104,vulkan,66.735743,66.929563,0.000424
results,span6000-pair-fast-gpu-w1f4-r1,200,4,steady,429.463462,vulkan,71.428798,64.282608,0.000521
results,span6000-pair-fast-gpu-w1f4-r1,200,5,steady,444.554108,vulkan,77.708003,77.335609,0.000508
results,span6000-pair-fast-gpu-w1f4-r1,200,6,steady,441.157881,vulkan,88.862546,68.076771,0.000687
results,span6000-pair-fast-gpu-w1f4-r1,200,7,steady,460.691723,vulkan,77.332569,94.816603,0.000988
results,span6000-pair-fast-gpu-w1f4-r1,200,8,steady,444.815354,vulkan,64.994787,84.722378,0.000746
results,span6000-pair-fast-gpu-w1f4-r1,200,9,steady,447.365802,vulkan,83.509394,78.578475,0.000368
results,span6000-pair-fast-gpu-w1f4-r1,200,10,steady,477.764726,vulkan,94.967611,82.566424,0.000346
results,span6000-pair-fast-gpu-w1f4-r1,200,11,steady,453.338911,vulkan,87.651859,76.336568,0.001284
results,span800-array-fast-auto-w4f1-r1,200,0,gpu_qualification,842.034073,cpu,473.898404,206.884605,38.337033
results,span800-array-fast-auto-w4f1-r1,200,1,gpu_qualification,648.235506,cpu,381.675749,140.247622,38.595555
results,span800-array-fast-auto-w4f1-r1,200,2,gpu_qualification,604.381919,cpu,341.520892,151.669868,25.358101
results,span800-array-fast-auto-w4f1-r1,200,3,steady,622.505292,vulkan,380.909414,117.630768,26.979127
results,span800-array-fast-auto-w4f1-r1,200,4,steady,615.553455,vulkan,375.705411,126.103745,26.389653
results,span800-array-fast-auto-w4f1-r1,200,5,steady,630.249404,vulkan,341.577562,172.574324,25.192019
results,span800-array-fast-auto-w4f1-r1,200,6,steady,584.889699,vulkan,361.262014,109.898651,25.21583
results,span800-array-fast-auto-w4f1-r1,200,7,steady,648.572705,vulkan,336.279645,201.052412,25.074203
results,span800-array-fast-auto-w4f1-r1,200,8,steady,577.132595,cpu,375.052323,85.067919,25.650002
results,span800-array-fast-auto-w4f1-r1,200,9,steady,595.210044,cpu,388.247011,87.788495,28.926035
results,span800-array-fast-auto-w4f1-r1,200,10,steady,571.330668,cpu,370.432353,84.429147,25.399329
results,span800-array-fast-auto-w4f1-r1,200,11,steady,551.90987,cpu,363.866532,75.777735,25.608505
results,span800-array-fast-auto-w4f1-r2,200,0,gpu_qualification,742.651564,cpu,367.101932,210.434492,38.059976
results,span800-array-fast-auto-w4f1-r2,200,1,gpu_qualification,634.437315,cpu,354.827566,145.645311,38.719646
results,span800-array-fast-auto-w4f1-r2,200,2,gpu_qualification,603.131687,cpu,337.946109,153.85389,25.091132
results,span800-array-fast-auto-w4f1-r2,200,3,steady,556.985405,vulkan,345.307098,77.959648,26.808198
results,span800-array-fast-auto-w4f1-r2,200,4,steady,566.576132,vulkan,356.342172,97.469337,25.335453
results,span800-array-fast-auto-w4f1-r2,200,5,steady,659.812352,vulkan,426.429911,114.20792,25.473853
results,span800-array-fast-auto-w4f1-r2,200,6,steady,620.969388,vulkan,342.489168,166.771136,25.11926
results,span800-array-fast-auto-w4f1-r2,200,7,steady,647.752089,vulkan,352.28991,184.908877,25.105765
results,span800-array-fast-auto-w4f1-r2,200,8,steady,546.809574,cpu,342.320636,93.178149,25.631058
results,span800-array-fast-auto-w4f1-r2,200,9,steady,545.542832,cpu,341.636024,79.352529,27.199018
results,span800-array-fast-auto-w4f1-r2,200,10,steady,547.693556,cpu,343.448959,80.206576,25.105669
results,span800-array-fast-auto-w4f1-r2,200,11,steady,542.471336,cpu,353.654516,76.174689,25.789141
results,span800-array-fast-auto-w4f1-r3,200,0,gpu_qualification,765.165999,cpu,396.487295,206.489676,36.648024
results,span800-array-fast-auto-w4f1-r3,200,1,gpu_qualification,687.612104,cpu,414.362024,139.695946,37.353054
results,span800-array-fast-auto-w4f1-r3,200,2,gpu_qualification,622.968167,cpu,353.655321,158.231289,25.277886
results,span800-array-fast-auto-w4f1-r3,200,3,steady,564.424268,vulkan,369.480643,80.991071,25.397352
results,span800-array-fast-auto-w4f1-r3,200,4,steady,535.035645,vulkan,349.289837,75.198291,25.127286
results,span800-array-fast-auto-w4f1-r3,200,5,steady,574.679637,vulkan,355.160085,102.972228,26.308848
results,span800-array-fast-auto-w4f1-r3,200,6,steady,579.176772,vulkan,360.408809,105.599759,25.174821
results,span800-array-fast-auto-w4f1-r3,200,7,steady,755.184925,vulkan,348.397018,290.81277,28.762509
results,span800-array-fast-auto-w4f1-r3,200,8,steady,546.928146,cpu,343.823002,92.235177,25.221191
results,span800-array-fast-auto-w4f1-r3,200,9,steady,544.726831,cpu,355.980237,77.539594,25.141394
results,span800-array-fast-auto-w4f1-r3,200,10,steady,536.126704,cpu,347.282944,78.705403,24.841349
results,span800-array-fast-auto-w4f1-r3,200,11,steady,565.580303,cpu,358.535856,88.691374,26.936318
results,span800-array-fast-cpu-w1f1-r1,200,0,cold,1128.618513,cpu,802.344373,169.286714,37.384821
results,span800-array-fast-cpu-w1f1-r1,200,1,warmup,1107.246214,cpu,812.088997,176.951779,33.590097
results,span800-array-fast-cpu-w1f1-r1,200,2,warmup,1085.088778,cpu,813.2249,163.436891,24.429287
results,span800-array-fast-cpu-w1f1-r1,200,3,steady,1063.881891,cpu,793.139392,161.729028,24.877349
results,span800-array-fast-cpu-w1f1-r1,200,4,steady,1100.222502,cpu,811.591324,178.351235,24.799158
results,span800-array-fast-cpu-w1f1-r1,200,5,steady,1068.170816,cpu,795.757342,162.780468,25.164815
results,span800-array-fast-cpu-w1f1-r1,200,6,steady,1095.199149,cpu,810.418422,175.881768,25.189083
results,span800-array-fast-cpu-w1f1-r1,200,7,steady,1105.127998,cpu,816.111913,180.276539,24.976263
results,span800-array-fast-cpu-w1f1-r1,200,8,steady,1080.160505,cpu,808.057427,162.85079,25.280284
results,span800-array-fast-cpu-w1f1-r1,200,9,steady,1078.000693,cpu,794.660897,174.661059,24.863825
results,span800-array-fast-cpu-w1f1-r1,200,10,steady,1085.743742,cpu,801.667802,174.483238,25.695551
results,span800-array-fast-cpu-w1f1-r1,200,11,steady,1068.875485,cpu,797.002642,163.944811,24.937646
results,span800-array-fast-cpu-w1f1-r2,200,0,cold,1160.379168,cpu,818.216116,179.892968,37.35635
results,span800-array-fast-cpu-w1f1-r2,200,1,warmup,1078.055691,cpu,795.817846,162.149597,35.393671
results,span800-array-fast-cpu-w1f1-r2,200,2,warmup,1088.780235,cpu,816.608104,163.162492,24.764097
results,span800-array-fast-cpu-w1f1-r2,200,3,steady,1064.286991,cpu,790.035308,165.653103,24.862239
results,span800-array-fast-cpu-w1f1-r2,200,4,steady,1065.481792,cpu,793.75958,161.636338,24.663827
results,span800-array-fast-cpu-w1f1-r2,200,5,steady,1067.090176,cpu,796.730297,162.223219,24.998722
results,span800-array-fast-cpu-w1f1-r2,200,6,steady,1053.805639,cpu,782.530044,162.669304,24.78613
results,span800-array-fast-cpu-w1f1-r2,200,7,steady,1050.475255,cpu,778.899713,163.165411,25.120645
results,span800-array-fast-cpu-w1f1-r2,200,8,steady,1065.816376,cpu,793.714176,163.32238,25.182285
results,span800-array-fast-cpu-w1f1-r2,200,9,steady,1053.923046,cpu,783.52832,162.146973,25.135149
results,span800-array-fast-cpu-w1f1-r2,200,10,steady,1058.954569,cpu,788.194974,162.743989,24.831427
results,span800-array-fast-cpu-w1f1-r2,200,11,steady,1058.636124,cpu,787.953508,162.294854,24.788986
results,span800-array-fast-cpu-w1f1-r3,200,0,cold,1111.54803,cpu,792.50651,161.576578,36.564483
results,span800-array-fast-cpu-w1f1-r3,200,1,warmup,1072.790339,cpu,792.844615,162.783567,33.346784
results,span800-array-fast-cpu-w1f1-r3,200,2,warmup,1058.558419,cpu,787.933522,162.253622,24.682622
results,span800-array-fast-cpu-w1f1-r3,200,3,steady,1062.082794,cpu,791.265417,162.225849,24.979818
results,span800-array-fast-cpu-w1f1-r3,200,4,steady,1063.645121,cpu,793.791196,161.702701,24.792327
results,span800-array-fast-cpu-w1f1-r3,200,5,steady,1102.205395,cpu,825.951871,167.336208,25.109356
results,span800-array-fast-cpu-w1f1-r3,200,6,steady,1070.423244,cpu,795.573408,167.222773,24.628496
results,span800-array-fast-cpu-w1f1-r3,200,7,steady,1070.706486,cpu,791.170284,163.964397,24.978142
results,span800-array-fast-cpu-w1f1-r3,200,8,steady,1065.185552,cpu,794.717014,162.094814,24.943961
results,span800-array-fast-cpu-w1f1-r3,200,9,steady,1068.905922,cpu,796.90094,163.183138,25.03649
results,span800-array-fast-cpu-w1f1-r3,200,10,steady,1108.212708,cpu,819.187049,163.78827,31.18458
results,span800-array-fast-cpu-w1f1-r3,200,11,steady,1062.996605,cpu,792.745226,162.189828,25.215026
results,span800-array-fast-cpu-w1f4-r1,200,0,cold,1001.835251,cpu,390.4844,455.173842,36.699935
results,span800-array-fast-cpu-w1f4-r1,200,1,warmup,837.900163,cpu,358.088111,365.046682,33.575302
results,span800-array-fast-cpu-w1f4-r1,200,2,warmup,846.939243,cpu,334.791428,406.025124,25.162958
results,span800-array-fast-cpu-w1f4-r1,200,3,steady,847.715759,cpu,351.656482,382.373275,32.264846
results,span800-array-fast-cpu-w1f4-r1,200,4,steady,890.283976,cpu,375.200056,409.548207,25.004579
results,span800-array-fast-cpu-w1f4-r1,200,5,steady,916.77284,cpu,406.678139,399.244829,25.304135
results,span800-array-fast-cpu-w1f4-r1,200,6,steady,853.288962,cpu,352.805933,383.724086,29.536132
results,span800-array-fast-cpu-w1f4-r1,200,7,steady,906.459367,cpu,418.002103,376.150279,28.868357
results,span800-array-fast-cpu-w1f4-r1,200,8,steady,835.262027,cpu,338.558065,389.895059,25.450292
results,span800-array-fast-cpu-w1f4-r1,200,9,steady,900.610671,cpu,407.512487,387.1884,24.967469
results,span800-array-fast-cpu-w1f4-r1,200,10,steady,866.317142,cpu,353.967155,407.150023,24.95707
results,span800-array-fast-cpu-w1f4-r1,200,11,steady,1027.588578,cpu,453.221121,454.327017,38.526115
results,span800-array-fast-cpu-w1f4-r2,200,0,cold,942.805056,cpu,394.576339,393.338369,37.165307
results,span800-array-fast-cpu-w1f4-r2,200,1,warmup,891.922376,cpu,403.998135,371.521586,34.230035
results,span800-array-fast-cpu-w1f4-r2,200,2,warmup,922.59385,cpu,355.774738,456.815046,25.349614
results,span800-array-fast-cpu-w1f4-r2,200,3,steady,978.783265,cpu,442.637118,424.978377,25.682481
results,span800-array-fast-cpu-w1f4-r2,200,4,steady,859.991927,cpu,359.203111,392.879984,25.40197
results,span800-array-fast-cpu-w1f4-r2,200,5,steady,949.95116,cpu,435.291089,406.32993,26.173899
results,span800-array-fast-cpu-w1f4-r2,200,6,steady,856.257703,cpu,350.102107,398.205444,25.032858
results,span800-array-fast-cpu-w1f4-r2,200,7,steady,903.463431,cpu,362.761044,432.909887,25.148479
results,span800-array-fast-cpu-w1f4-r2,200,8,steady,850.798007,cpu,379.621861,361.423729,25.453441
results,span800-array-fast-cpu-w1f4-r2,200,9,steady,1042.028687,cpu,443.892608,491.126165,25.166586
results,span800-array-fast-cpu-w1f4-r2,200,10,steady,932.020031,cpu,435.342966,385.406892,25.273089
results,span800-array-fast-cpu-w1f4-r2,200,11,steady,865.878741,cpu,370.700594,383.606651,25.214291
results,span800-array-fast-cpu-w1f4-r3,200,0,cold,923.943253,cpu,373.669983,394.922215,36.728969
results,span800-array-fast-cpu-w1f4-r3,200,1,warmup,915.096414,cpu,369.565439,430.475384,33.638695
results,span800-array-fast-cpu-w1f4-r3,200,2,warmup,993.194756,cpu,451.042278,434.620243,25.551099
results,span800-array-fast-cpu-w1f4-r3,200,3,steady,862.7436,cpu,335.044159,420.155827,25.993093
results,span800-array-fast-cpu-w1f4-r3,200,4,steady,828.92433,cpu,354.680715,368.491662,25.311236
results,span800-array-fast-cpu-w1f4-r3,200,5,steady,930.631039,cpu,441.138256,383.878569,25.135831
results,span800-array-fast-cpu-w1f4-r3,200,6,steady,881.631752,cpu,375.873737,389.395142,25.421597
results,span800-array-fast-cpu-w1f4-r3,200,7,steady,838.419769,cpu,347.632542,383.467307,25.312694
results,span800-array-fast-cpu-w1f4-r3,200,8,steady,906.525374,cpu,435.38132,364.007315,25.46779
results,span800-array-fast-cpu-w1f4-r3,200,9,steady,888.302296,cpu,374.511659,398.171039,25.495822
results,span800-array-fast-cpu-w1f4-r3,200,10,steady,923.393983,cpu,424.178944,393.006181,25.279172
results,span800-array-fast-cpu-w1f4-r3,200,11,steady,830.114592,cpu,360.651927,361.292703,25.510783
results,span800-array-fast-cpu-w4f1-r1,200,0,cold,605.965565,cpu,363.671048,83.824122,37.121578
results,span800-array-fast-cpu-w4f1-r1,200,1,warmup,584.742762,cpu,372.785026,92.256197,33.311111
results,span800-array-fast-cpu-w4f1-r1,200,2,warmup,571.794534,cpu,368.398553,88.649562,25.252306
results,span800-array-fast-cpu-w4f1-r1,200,3,steady,580.713381,cpu,372.729774,95.506651,25.291329
results,span800-array-fast-cpu-w4f1-r1,200,4,steady,568.987184,cpu,348.499023,108.704746,25.676546
results,span800-array-fast-cpu-w4f1-r1,200,5,steady,538.16884,cpu,331.281201,94.536286,25.750058
results,span800-array-fast-cpu-w4f1-r1,200,6,steady,591.724239,cpu,386.848059,93.523637,25.40779
results,span800-array-fast-cpu-w4f1-r1,200,7,steady,605.746137,cpu,394.242016,100.170788,25.209644
results,span800-array-fast-cpu-w4f1-r1,200,8,steady,624.775129,cpu,393.515907,111.627421,25.64554
results,span800-array-fast-cpu-w4f1-r1,200,9,steady,572.580056,cpu,369.631395,91.612136,25.436732
results,span800-array-fast-cpu-w4f1-r1,200,10,steady,575.924717,cpu,387.684633,77.323363,25.080597
results,span800-array-fast-cpu-w4f1-r1,200,11,steady,602.645052,cpu,386.983853,103.947057,25.158321
results,span800-array-fast-cpu-w4f1-r2,200,0,cold,612.624079,cpu,368.823884,79.115978,43.075119
results,span800-array-fast-cpu-w4f1-r2,200,1,warmup,586.132269,cpu,373.725149,83.361166,42.200877
results,span800-array-fast-cpu-w4f1-r2,200,2,warmup,568.514556,cpu,356.864448,94.57076,30.527483
results,span800-array-fast-cpu-w4f1-r2,200,3,steady,549.005892,cpu,351.747046,80.286467,30.663927
results,span800-array-fast-cpu-w4f1-r2,200,4,steady,556.809149,cpu,352.77754,89.378007,29.094063
results,span800-array-fast-cpu-w4f1-r2,200,5,steady,560.370916,cpu,364.860819,78.852888,30.76192
results,span800-array-fast-cpu-w4f1-r2,200,6,steady,536.609251,cpu,338.712811,79.843673,31.566519
results,span800-array-fast-cpu-w4f1-r2,200,7,steady,539.231526,cpu,339.66778,76.737636,31.765778
results,span800-array-fast-cpu-w4f1-r2,200,8,steady,559.298931,cpu,336.478305,95.165138,30.572558
results,span800-array-fast-cpu-w4f1-r2,200,9,steady,539.984684,cpu,340.312999,82.50171,30.75205
results,span800-array-fast-cpu-w4f1-r2,200,10,steady,592.127091,cpu,368.371428,98.569933,30.854459
results,span800-array-fast-cpu-w4f1-r2,200,11,steady,544.543083,cpu,332.800102,92.911303,30.268357
results,span800-array-fast-cpu-w4f1-r3,200,0,cold,603.76991,cpu,367.055431,77.100159,37.084489
results,span800-array-fast-cpu-w4f1-r3,200,1,warmup,565.424602,cpu,353.345762,84.453542,34.412827
results,span800-array-fast-cpu-w4f1-r3,200,2,warmup,573.845524,cpu,362.749848,95.882178,24.974113
results,span800-array-fast-cpu-w4f1-r3,200,3,steady,584.843905,cpu,370.961189,93.66484,29.378752
results,span800-array-fast-cpu-w4f1-r3,200,4,steady,565.532139,cpu,364.406888,80.295658,25.48511
results,span800-array-fast-cpu-w4f1-r3,200,5,steady,539.359575,cpu,340.126585,80.914393,30.892003
results,span800-array-fast-cpu-w4f1-r3,200,6,steady,549.40764,cpu,345.613236,93.221881,25.013269
results,span800-array-fast-cpu-w4f1-r3,200,7,steady,614.414742,cpu,395.235442,99.674169,26.396191
results,span800-array-fast-cpu-w4f1-r3,200,8,steady,539.300628,cpu,340.765255,79.64108,25.011432
results,span800-array-fast-cpu-w4f1-r3,200,9,steady,536.811884,cpu,339.064166,86.156853,25.594802
results,span800-array-fast-cpu-w4f1-r3,200,10,steady,590.684218,cpu,385.084953,94.830931,25.252395
results,span800-array-fast-cpu-w4f1-r3,200,11,steady,591.956284,cpu,391.088879,89.358693,25.087942
results,span800-array-fast-gpu-w4f1-r1,200,0,gpu_qualification,713.009802,cpu,365.768462,185.338556,36.76225
results,span800-array-fast-gpu-w4f1-r1,200,1,gpu_qualification,623.051207,cpu,349.898427,147.834568,37.515589
results,span800-array-fast-gpu-w4f1-r1,200,2,gpu_qualification,624.763923,cpu,359.737904,135.736382,26.956034
results,span800-array-fast-gpu-w4f1-r1,200,3,steady,545.919807,vulkan,344.942635,86.818976,25.222858
results,span800-array-fast-gpu-w4f1-r1,200,4,steady,551.690673,vulkan,352.821844,87.3201,25.787355
results,span800-array-fast-gpu-w4f1-r1,200,5,steady,610.214511,vulkan,376.137567,123.368197,25.091033
results,span800-array-fast-gpu-w4f1-r1,200,6,steady,580.181625,vulkan,353.185468,116.360804,25.180413
results,span800-array-fast-gpu-w4f1-r1,200,7,steady,609.251746,vulkan,338.751798,157.129811,25.531889
results,span800-array-fast-gpu-w4f1-r1,200,8,steady,570.436884,vulkan,342.309764,115.394182,25.240453
results,span800-array-fast-gpu-w4f1-r1,200,9,steady,609.66885,vulkan,380.955604,117.523089,25.215751
results,span800-array-fast-gpu-w4f1-r1,200,10,steady,599.386828,vulkan,341.523476,145.848807,25.546344
results,span800-array-fast-gpu-w4f1-r1,200,11,steady,619.572615,vulkan,350.903659,155.182013,25.103855
results,span800-array-fast-gpu-w4f1-r2,200,0,gpu_qualification,724.295556,cpu,368.057013,195.978424,36.751674
results,span800-array-fast-gpu-w4f1-r2,200,1,gpu_qualification,625.648248,cpu,356.096966,138.482039,36.676354
results,span800-array-fast-gpu-w4f1-r2,200,2,gpu_qualification,617.11747,cpu,353.492618,146.474631,26.689384
results,span800-array-fast-gpu-w4f1-r2,200,3,steady,530.278068,vulkan,343.757785,75.485772,25.313014
results,span800-array-fast-gpu-w4f1-r2,200,4,steady,579.593248,vulkan,394.592376,73.309526,25.540323
results,span800-array-fast-gpu-w4f1-r2,200,5,steady,618.015394,vulkan,384.760664,122.390433,25.187963
results,span800-array-fast-gpu-w4f1-r2,200,6,steady,585.516057,vulkan,342.83397,116.724224,25.191787
results,span800-array-fast-gpu-w4f1-r2,200,7,steady,659.321025,vulkan,357.366237,174.458567,26.494505
results,span800-array-fast-gpu-w4f1-r2,200,8,steady,568.586604,vulkan,353.471032,104.467477,25.353104
results,span800-array-fast-gpu-w4f1-r2,200,9,steady,605.890158,vulkan,385.513226,105.012515,28.601915
results,span800-array-fast-gpu-w4f1-r2,200,10,steady,620.832195,vulkan,364.049527,145.183491,25.468385
results,span800-array-fast-gpu-w4f1-r2,200,11,steady,619.365114,vulkan,343.323519,163.427332,26.532596
results,span800-array-fast-gpu-w4f1-r3,200,0,gpu_qualification,769.234922,cpu,387.145838,208.844802,39.548062
results,span800-array-fast-gpu-w4f1-r3,200,1,gpu_qualification,621.621146,cpu,348.246668,135.824671,48.794374
results,span800-array-fast-gpu-w4f1-r3,200,2,gpu_qualification,595.483891,cpu,340.844639,139.948893,28.200938
results,span800-array-fast-gpu-w4f1-r3,200,3,steady,599.413992,vulkan,385.691863,97.866988,25.013518
results,span800-array-fast-gpu-w4f1-r3,200,4,steady,568.534895,vulkan,387.873074,70.746971,25.037937
results,span800-array-fast-gpu-w4f1-r3,200,5,steady,597.69979,vulkan,369.27664,111.909197,25.291914
results,span800-array-fast-gpu-w4f1-r3,200,6,steady,564.795471,vulkan,347.505289,107.057052,25.2251
results,span800-array-fast-gpu-w4f1-r3,200,7,steady,599.175852,vulkan,341.372925,146.094602,25.716386
results,span800-array-fast-gpu-w4f1-r3,200,8,steady,602.719754,vulkan,347.244441,142.573625,26.31462
results,span800-array-fast-gpu-w4f1-r3,200,9,steady,586.542967,vulkan,333.08503,142.03412,25.715102
results,span800-array-fast-gpu-w4f1-r3,200,10,steady,603.407366,vulkan,341.986713,149.29758,26.411469
results,span800-array-fast-gpu-w4f1-r3,200,11,steady,627.666774,vulkan,345.994282,167.451837,25.603841
results,span800-pair-fast-cpu-w1f4-r1,200,0,cold,281.677454,cpu,98.173545,111.987099,0.000644
results,span800-pair-fast-cpu-w1f4-r1,200,1,warmup,251.526242,cpu,90.046212,103.871391,0.000357
results,span800-pair-fast-cpu-w1f4-r1,200,2,warmup,240.552638,cpu,96.89375,86.010244,0.000811
results,span800-pair-fast-cpu-w1f4-r1,200,3,steady,267.070479,cpu,105.368081,103.495447,0.00039
results,span800-pair-fast-cpu-w1f4-r1,200,4,steady,248.306008,cpu,89.154748,101.433253,0.000392
results,span800-pair-fast-cpu-w1f4-r1,200,5,steady,245.299645,cpu,95.083532,93.1275,0.000405
results,span800-pair-fast-cpu-w1f4-r1,200,6,steady,220.609884,cpu,77.330505,85.990952,0.000488
results,span800-pair-fast-cpu-w1f4-r1,200,7,steady,248.157626,cpu,85.692904,103.078358,0.000288
results,span800-pair-fast-cpu-w1f4-r1,200,8,steady,241.979445,cpu,87.014902,95.722477,0.000379
results,span800-pair-fast-cpu-w1f4-r1,200,9,steady,278.11841,cpu,94.301315,122.72868,0.000469
results,span800-pair-fast-cpu-w1f4-r1,200,10,steady,246.005047,cpu,90.19142,96.118067,0.00046
results,span800-pair-fast-cpu-w1f4-r1,200,11,steady,244.934931,cpu,82.961112,104.199555,0.000399
results,span800-pair-fast-cpu-w1f4-r2,200,0,cold,255.647314,cpu,87.757433,101.354094,0.000498
results,span800-pair-fast-cpu-w1f4-r2,200,1,warmup,237.257458,cpu,75.7019,93.668898,0.000924
results,span800-pair-fast-cpu-w1f4-r2,200,2,warmup,251.624492,cpu,100.803931,94.742745,0.00099
results,span800-pair-fast-cpu-w1f4-r2,200,3,steady,248.139852,cpu,84.450191,106.939846,0.001209
results,span800-pair-fast-cpu-w1f4-r2,200,4,steady,250.775364,cpu,100.275706,93.786286,0.001002
results,span800-pair-fast-cpu-w1f4-r2,200,5,steady,235.902781,cpu,80.217672,99.066712,0.000827
results,span800-pair-fast-cpu-w1f4-r2,200,6,steady,224.784392,cpu,78.676995,87.095413,0.00068
results,span800-pair-fast-cpu-w1f4-r2,200,7,steady,221.465268,cpu,79.791908,83.787769,0.000718
results,span800-pair-fast-cpu-w1f4-r2,200,8,steady,208.56587,cpu,73.646112,78.014551,0.00091
results,span800-pair-fast-cpu-w1f4-r2,200,9,steady,205.996368,cpu,64.753991,81.266033,0.000752
results,span800-pair-fast-cpu-w1f4-r2,200,10,steady,222.692977,cpu,93.618135,71.988308,0.000917
results,span800-pair-fast-cpu-w1f4-r2,200,11,steady,209.137323,cpu,78.594924,73.399692,0.000309
results,span800-pair-fast-cpu-w1f4-r3,200,0,cold,254.299241,cpu,100.39532,85.600311,0.000803
results,span800-pair-fast-cpu-w1f4-r3,200,1,warmup,215.878027,cpu,64.758161,94.029577,0.000574
results,span800-pair-fast-cpu-w1f4-r3,200,2,warmup,198.471104,cpu,64.298261,77.764031,0.000618
results,span800-pair-fast-cpu-w1f4-r3,200,3,steady,199.878804,cpu,66.929722,71.890351,0.000841
results,span800-pair-fast-cpu-w1f4-r3,200,4,steady,233.365632,cpu,86.498733,88.489605,0.000666
results,span800-pair-fast-cpu-w1f4-r3,200,5,steady,219.54007,cpu,78.722878,80.986886,0.001298
results,span800-pair-fast-cpu-w1f4-r3,200,6,steady,202.750072,cpu,71.30222,74.475014,0.000299
results,span800-pair-fast-cpu-w1f4-r3,200,7,steady,200.061571,cpu,64.101058,78.010777,0.000496
results,span800-pair-fast-cpu-w1f4-r3,200,8,steady,207.154143,cpu,63.525243,85.029459,0.000565
results,span800-pair-fast-cpu-w1f4-r3,200,9,steady,201.130827,cpu,71.331794,72.343938,0.000657
results,span800-pair-fast-cpu-w1f4-r3,200,10,steady,194.616872,cpu,64.021391,74.525591,0.000842
results,span800-pair-fast-cpu-w1f4-r3,200,11,steady,203.005177,cpu,71.44936,73.705141,0.000717
results,span800-pair-upstream-cpu-w1f4-r1,200,0,cold,254.459339,cpu,94.358297,91.332011,0.000687
results,span800-pair-upstream-cpu-w1f4-r1,200,1,warmup,273.768592,cpu,98.003791,112.297927,0.000515
results,span800-pair-upstream-cpu-w1f4-r1,200,2,warmup,251.585712,cpu,96.035876,96.597838,0.000895
results,span800-pair-upstream-cpu-w1f4-r1,200,3,steady,240.858936,cpu,80.138662,102.855398,0.000273
results,span800-pair-upstream-cpu-w1f4-r1,200,4,steady,228.146966,cpu,90.666348,79.593533,0.000474
results,span800-pair-upstream-cpu-w1f4-r1,200,5,steady,248.704846,cpu,92.186528,97.210597,0.000326
results,span800-pair-upstream-cpu-w1f4-r1,200,6,steady,242.779922,cpu,89.571481,93.932684,0.000299
results,span800-pair-upstream-cpu-w1f4-r1,200,7,steady,278.012266,cpu,92.796594,126.94225,0.000438
results,span800-pair-upstream-cpu-w1f4-r1,200,8,steady,265.247384,cpu,91.997808,112.309906,0.000501
results,span800-pair-upstream-cpu-w1f4-r1,200,9,steady,283.808915,cpu,89.972771,134.638127,0.000322
results,span800-pair-upstream-cpu-w1f4-r1,200,10,steady,244.533214,cpu,84.4717,94.689308,0.000587
results,span800-pair-upstream-cpu-w1f4-r1,200,11,steady,282.49736,cpu,95.157416,127.810551,0.000556
results,span800-pair-upstream-cpu-w1f4-r2,200,0,cold,227.678667,cpu,80.413669,74.515321,0.000382
results,span800-pair-upstream-cpu-w1f4-r2,200,1,warmup,272.191819,cpu,94.348016,116.899623,0.000321
results,span800-pair-upstream-cpu-w1f4-r2,200,2,warmup,230.636554,cpu,85.415851,87.042631,0.000358
results,span800-pair-upstream-cpu-w1f4-r2,200,3,steady,256.609265,cpu,87.85848,111.022319,0.000668
results,span800-pair-upstream-cpu-w1f4-r2,200,4,steady,220.547315,cpu,87.595656,73.122388,0.000501
results,span800-pair-upstream-cpu-w1f4-r2,200,5,steady,246.426467,cpu,95.666112,93.02243,0.000505
results,span800-pair-upstream-cpu-w1f4-r2,200,6,steady,221.91548,cpu,81.417126,83.074295,0.000276
results,span800-pair-upstream-cpu-w1f4-r2,200,7,steady,216.390426,cpu,66.22098,91.934913,0.000288
results,span800-pair-upstream-cpu-w1f4-r2,200,8,steady,205.282977,cpu,67.785022,79.928764,0.000414
results,span800-pair-upstream-cpu-w1f4-r2,200,9,steady,240.394596,cpu,94.743982,84.624621,0.000184
results,span800-pair-upstream-cpu-w1f4-r2,200,10,steady,226.999761,cpu,95.863231,72.854953,0.000635
results,span800-pair-upstream-cpu-w1f4-r2,200,11,steady,215.148398,cpu,78.77948,78.307614,0.000434
results,span800-pair-upstream-cpu-w1f4-r3,200,0,cold,267.685554,cpu,108.316138,85.314098,0.00046
results,span800-pair-upstream-cpu-w1f4-r3,200,1,warmup,238.293186,cpu,87.676001,89.885689,0.000287
results,span800-pair-upstream-cpu-w1f4-r3,200,2,warmup,203.71008,cpu,71.221286,75.142419,0.000423
results,span800-pair-upstream-cpu-w1f4-r3,200,3,steady,250.507987,cpu,81.648301,103.098444,0.000295
results,span800-pair-upstream-cpu-w1f4-r3,200,4,steady,245.267787,cpu,96.184269,90.490837,0.00031
results,span800-pair-upstream-cpu-w1f4-r3,200,5,steady,265.193611,cpu,91.77247,114.588208,0.000364
results,span800-pair-upstream-cpu-w1f4-r3,200,6,steady,229.970568,cpu,87.265707,83.964284,0.000304
results,span800-pair-upstream-cpu-w1f4-r3,200,7,steady,251.466736,cpu,91.110595,101.17104,0.000372
results,span800-pair-upstream-cpu-w1f4-r3,200,8,steady,226.838137,cpu,92.780655,75.680454,0.000638
results,span800-pair-upstream-cpu-w1f4-r3,200,9,steady,204.734615,cpu,69.114942,77.073445,0.000268
results,span800-pair-upstream-cpu-w1f4-r3,200,10,steady,225.11614,cpu,64.357962,104.19293,0.000331
results,span800-pair-upstream-cpu-w1f4-r3,200,11,steady,233.911364,cpu,87.83893,87.391164,0.000327
wide-followup,span4000-pair-fast-cpu-w1f4-r1,200,0,cold,461.65687,cpu,69.998216,182.654755,0.000683
wide-followup,span4000-pair-fast-cpu-w1f4-r1,200,1,warmup,458.676791,cpu,87.86414,171.395781,0.000675
wide-followup,span4000-pair-fast-cpu-w1f4-r1,200,2,warmup,486.383687,cpu,71.761374,216.749855,0.000891
wide-followup,span4000-pair-fast-cpu-w1f4-r1,200,3,steady,496.128867,cpu,76.873092,220.814236,0.000378
wide-followup,span4000-pair-fast-cpu-w1f4-r1,200,4,steady,481.241622,cpu,91.916762,174.767806,0.000399
wide-followup,span4000-pair-fast-cpu-w1f4-r1,200,5,steady,447.451466,cpu,74.975673,175.389292,0.000488
wide-followup,span4000-pair-fast-cpu-w1f4-r1,200,6,steady,450.415117,cpu,64.442596,189.731332,0.000444
wide-followup,span4000-pair-fast-cpu-w1f4-r1,200,7,steady,520.08127,cpu,64.82202,257.333221,0.000674
wide-followup,span4000-pair-fast-cpu-w1f4-r1,200,8,steady,487.482092,cpu,70.686527,206.511495,0.000536
wide-followup,span4000-pair-fast-cpu-w1f4-r1,200,9,steady,462.369989,cpu,66.858461,198.379729,0.000648
wide-followup,span4000-pair-fast-cpu-w1f4-r1,200,10,steady,456.391814,cpu,78.762592,180.692615,0.000303
wide-followup,span4000-pair-fast-cpu-w1f4-r1,200,11,steady,492.355274,cpu,70.635111,219.659636,0.000527
wide-followup,span4000-pair-fast-gpu-w1f4-r1,200,0,gpu_qualification,506.7991,cpu,73.577946,222.393831,0.000699
wide-followup,span4000-pair-fast-gpu-w1f4-r1,200,1,gpu_qualification,501.99603,cpu,93.034685,207.466015,0.000595
wide-followup,span4000-pair-fast-gpu-w1f4-r1,200,2,gpu_qualification,586.249074,cpu,96.123132,282.537567,0.000402
wide-followup,span4000-pair-fast-gpu-w1f4-r1,200,3,steady,308.804593,vulkan,64.64109,44.746839,0.000716
wide-followup,span4000-pair-fast-gpu-w1f4-r1,200,4,steady,345.287534,vulkan,76.934449,51.325812,0.000544
wide-followup,span4000-pair-fast-gpu-w1f4-r1,200,5,steady,308.934091,vulkan,67.407638,45.615663,0.000486
wide-followup,span4000-pair-fast-gpu-w1f4-r1,200,6,steady,346.442684,vulkan,64.6523,55.321881,0.000628
wide-followup,span4000-pair-fast-gpu-w1f4-r1,200,7,steady,328.102763,vulkan,65.654589,63.901112,0.000357
wide-followup,span4000-pair-fast-gpu-w1f4-r1,200,8,steady,333.817142,vulkan,80.166671,54.631543,0.000394
wide-followup,span4000-pair-fast-gpu-w1f4-r1,200,9,steady,342.798982,vulkan,84.67521,60.917471,0.000743
wide-followup,span4000-pair-fast-gpu-w1f4-r1,200,10,steady,344.662073,vulkan,74.969013,65.556377,0.000458
wide-followup,span4000-pair-fast-gpu-w1f4-r1,200,11,steady,333.360234,vulkan,71.220367,63.9711,0.000532
six-pcores,span800-array-fast-cpu-w5f1-r1,200,0,cold,409.39845,cpu,202.601073,48.40342,37.259036
six-pcores,span800-array-fast-cpu-w5f1-r1,200,1,warmup,361.405521,cpu,192.07683,49.533018,33.74464
six-pcores,span800-array-fast-cpu-w5f1-r1,200,2,warmup,375.955798,cpu,205.959175,58.033105,25.688593
six-pcores,span800-array-fast-cpu-w5f1-r1,200,3,steady,369.279318,cpu,200.842735,57.281146,25.370919
six-pcores,span800-array-fast-cpu-w5f1-r1,200,4,steady,393.840978,cpu,220.172738,61.948796,25.572079
six-pcores,span800-array-fast-cpu-w5f1-r1,200,5,steady,372.981993,cpu,191.18407,70.954982,25.151406
six-pcores,span800-array-fast-cpu-w5f1-r1,200,6,steady,354.070751,cpu,180.725732,62.678869,25.565215
six-pcores,span800-array-fast-cpu-w5f1-r1,200,7,steady,384.381345,cpu,208.716752,62.46804,26.339908
six-pcores,span800-array-fast-cpu-w5f1-r1,200,8,steady,423.874615,cpu,234.680561,67.746994,27.121963
six-pcores,span800-array-fast-cpu-w5f1-r1,200,9,steady,395.28259,cpu,217.919987,65.718959,25.532189
six-pcores,span800-array-fast-cpu-w5f1-r1,200,10,steady,355.76018,cpu,190.836206,53.989102,25.26573
six-pcores,span800-array-fast-cpu-w5f1-r1,200,11,steady,348.62209,cpu,190.280279,46.456471,25.733387
six-pcores,span800-array-fast-cpu-w5f1-r2,200,0,cold,430.841882,cpu,213.861098,56.511708,37.629259
six-pcores,span800-array-fast-cpu-w5f1-r2,200,1,warmup,391.821485,cpu,197.698141,55.89509,43.071668
six-pcores,span800-array-fast-cpu-w5f1-r2,200,2,warmup,375.004817,cpu,211.5069,49.004912,26.258113
six-pcores,span800-array-fast-cpu-w5f1-r2,200,3,steady,375.654617,cpu,204.976309,56.023264,27.43605
six-pcores,span800-array-fast-cpu-w5f1-r2,200,4,steady,346.115538,cpu,185.58404,48.181036,26.934807
six-pcores,span800-array-fast-cpu-w5f1-r2,200,5,steady,368.975404,cpu,201.402556,49.0624,26.851339
six-pcores,span800-array-fast-cpu-w5f1-r2,200,6,steady,350.094308,cpu,186.961521,49.346792,26.056425
six-pcores,span800-array-fast-cpu-w5f1-r2,200,7,steady,349.976076,cpu,184.101271,48.859288,28.430923
six-pcores,span800-array-fast-cpu-w5f1-r2,200,8,steady,359.334497,cpu,194.734771,46.928902,26.999113
six-pcores,span800-array-fast-cpu-w5f1-r2,200,9,steady,347.15303,cpu,182.674188,49.219268,27.458173
six-pcores,span800-array-fast-cpu-w5f1-r2,200,10,steady,357.089334,cpu,176.963057,49.148371,28.124943
six-pcores,span800-array-fast-cpu-w5f1-r2,200,11,steady,351.91027,cpu,185.805754,46.282452,26.966402
six-pcores,span800-array-fast-cpu-w5f1-r3,200,0,cold,397.247205,cpu,198.644153,46.509608,36.05045
six-pcores,span800-array-fast-cpu-w5f1-r3,200,1,warmup,358.843563,cpu,190.354219,49.398212,33.837527
six-pcores,span800-array-fast-cpu-w5f1-r3,200,2,warmup,393.726406,cpu,220.225028,56.24251,26.651115
six-pcores,span800-array-fast-cpu-w5f1-r3,200,3,steady,371.894145,cpu,210.464385,50.504008,25.228379
six-pcores,span800-array-fast-cpu-w5f1-r3,200,4,steady,385.877873,cpu,213.788942,52.18419,26.731269
six-pcores,span800-array-fast-cpu-w5f1-r3,200,5,steady,341.610092,cpu,183.937139,48.21871,25.211981
six-pcores,span800-array-fast-cpu-w5f1-r3,200,6,steady,367.747631,cpu,202.229178,49.512601,26.135089
six-pcores,span800-array-fast-cpu-w5f1-r3,200,7,steady,394.408744,cpu,221.733118,57.956668,26.376756
six-pcores,span800-array-fast-cpu-w5f1-r3,200,8,steady,358.853058,cpu,201.681791,46.961899,25.089641
six-pcores,span800-array-fast-cpu-w5f1-r3,200,9,steady,361.74302,cpu,194.81163,49.01982,31.405409
six-pcores,span800-array-fast-cpu-w5f1-r3,200,10,steady,403.933679,cpu,211.27459,63.070808,37.287865
six-pcores,span800-array-fast-cpu-w5f1-r3,200,11,steady,400.803765,cpu,230.98613,58.348112,24.98301
six-pcores,span800-array-fast-gpu-w5f1-r1,200,0,gpu_qualification,544.745101,cpu,233.24165,154.367806,36.734229
six-pcores,span800-array-fast-gpu-w5f1-r1,200,1,gpu_qualification,453.272759,cpu,220.488117,108.133847,37.542547
six-pcores,span800-array-fast-gpu-w5f1-r1,200,2,gpu_qualification,447.499548,cpu,227.311177,109.477682,25.515679
six-pcores,span800-array-fast-gpu-w5f1-r1,200,3,steady,374.253462,vulkan,191.720019,71.541299,25.621411
six-pcores,span800-array-fast-gpu-w5f1-r1,200,4,steady,386.160295,vulkan,197.151429,71.623295,26.061132
six-pcores,span800-array-fast-gpu-w5f1-r1,200,5,steady,369.409054,vulkan,188.56028,70.725524,24.976551
six-pcores,span800-array-fast-gpu-w5f1-r1,200,6,steady,429.815529,vulkan,243.880971,70.808812,25.486585
six-pcores,span800-array-fast-gpu-w5f1-r1,200,7,steady,425.061331,vulkan,212.652242,97.658572,25.20112
six-pcores,span800-array-fast-gpu-w5f1-r1,200,8,steady,410.79915,vulkan,197.713621,101.401306,26.001602
six-pcores,span800-array-fast-gpu-w5f1-r1,200,9,steady,398.584082,vulkan,186.52262,99.707591,25.478568
six-pcores,span800-array-fast-gpu-w5f1-r1,200,10,steady,455.101004,vulkan,190.783561,152.21346,26.007424
six-pcores,span800-array-fast-gpu-w5f1-r1,200,11,steady,411.440356,vulkan,198.069391,102.998526,25.094492
six-pcores,span800-array-fast-gpu-w5f1-r2,200,0,gpu_qualification,567.819871,cpu,240.273679,168.140107,36.735864
six-pcores,span800-array-fast-gpu-w5f1-r2,200,1,gpu_qualification,443.733322,cpu,196.637197,121.429549,38.009248
six-pcores,span800-array-fast-gpu-w5f1-r2,200,2,gpu_qualification,415.242172,cpu,200.492905,103.502513,25.121405
six-pcores,span800-array-fast-gpu-w5f1-r2,200,3,steady,380.511823,vulkan,194.98131,74.646489,25.320544
six-pcores,span800-array-fast-gpu-w5f1-r2,200,4,steady,408.012579,vulkan,218.607205,78.039591,25.342028
six-pcores,span800-array-fast-gpu-w5f1-r2,200,5,steady,366.073835,vulkan,181.383706,73.807055,25.444051
six-pcores,span800-array-fast-gpu-w5f1-r2,200,6,steady,413.708101,vulkan,190.54231,111.52387,25.181071
six-pcores,span800-array-fast-gpu-w5f1-r2,200,7,steady,414.929376,vulkan,197.548005,106.321804,25.647571
six-pcores,span800-array-fast-gpu-w5f1-r2,200,8,steady,455.162403,vulkan,237.21601,106.109996,25.733804
six-pcores,span800-array-fast-gpu-w5f1-r2,200,9,steady,401.650825,vulkan,185.622263,103.383129,25.460382
six-pcores,span800-array-fast-gpu-w5f1-r2,200,10,steady,415.768113,vulkan,196.997554,106.89002,25.525042
six-pcores,span800-array-fast-gpu-w5f1-r2,200,11,steady,472.156495,vulkan,183.258243,175.679019,25.630757
six-pcores,span800-array-fast-gpu-w5f1-r3,200,0,gpu_qualification,558.313115,cpu,250.435508,154.982425,36.372318
six-pcores,span800-array-fast-gpu-w5f1-r3,200,1,gpu_qualification,479.004444,cpu,238.021434,115.044801,37.22126
six-pcores,span800-array-fast-gpu-w5f1-r3,200,2,gpu_qualification,448.872499,cpu,220.393759,112.785752,25.91486
six-pcores,span800-array-fast-gpu-w5f1-r3,200,3,steady,371.089793,vulkan,183.543796,72.971516,25.124331
six-pcores,span800-array-fast-gpu-w5f1-r3,200,4,steady,408.376633,vulkan,222.569195,72.292463,25.964842
six-pcores,span800-array-fast-gpu-w5f1-r3,200,5,steady,437.051226,vulkan,215.396462,102.618182,25.424924
six-pcores,span800-array-fast-gpu-w5f1-r3,200,6,steady,435.374137,vulkan,214.514808,107.995059,25.240411
six-pcores,span800-array-fast-gpu-w5f1-r3,200,7,steady,406.248136,vulkan,187.955252,106.663925,25.305954
six-pcores,span800-array-fast-gpu-w5f1-r3,200,8,steady,407.548774,vulkan,190.286595,105.576546,25.342803
six-pcores,span800-array-fast-gpu-w5f1-r3,200,9,steady,415.259436,vulkan,191.217274,110.188538,26.048268
six-pcores,span800-array-fast-gpu-w5f1-r3,200,10,steady,427.458192,vulkan,208.720387,106.015192,25.73177
six-pcores,span800-array-fast-gpu-w5f1-r3,200,11,steady,465.250132,vulkan,199.519879,153.987787,25.655479
six-pcores,span800-pair-upstream-cpu-w1f4-r1,200,0,cold,214.311945,cpu,68.792463,76.104054,0.00049
six-pcores,span800-pair-upstream-cpu-w1f4-r1,200,1,warmup,218.965226,cpu,66.984824,91.486093,0.000573
six-pcores,span800-pair-upstream-cpu-w1f4-r1,200,2,warmup,221.220787,cpu,89.003669,74.84693,0.000421
six-pcores,span800-pair-upstream-cpu-w1f4-r1,200,3,steady,197.51512,cpu,64.758569,75.285138,0.00041
six-pcores,span800-pair-upstream-cpu-w1f4-r1,200,4,steady,204.509652,cpu,67.017139,74.355455,0.00046
six-pcores,span800-pair-upstream-cpu-w1f4-r1,200,5,steady,235.582173,cpu,80.934593,87.573358,0.000323
six-pcores,span800-pair-upstream-cpu-w1f4-r1,200,6,steady,248.192857,cpu,99.970677,90.732993,0.000475
six-pcores,span800-pair-upstream-cpu-w1f4-r1,200,7,steady,206.384164,cpu,76.744076,69.811812,0.000454
six-pcores,span800-pair-upstream-cpu-w1f4-r1,200,8,steady,223.014143,cpu,77.991713,83.030389,0.00032
six-pcores,span800-pair-upstream-cpu-w1f4-r1,200,9,steady,216.57647,cpu,69.731602,87.010412,0.000307
six-pcores,span800-pair-upstream-cpu-w1f4-r1,200,10,steady,209.085929,cpu,79.991014,65.862031,0.000523
six-pcores,span800-pair-upstream-cpu-w1f4-r1,200,11,steady,201.444569,cpu,64.419744,78.389175,0.00057
six-pcores,span800-pair-upstream-cpu-w1f4-r2,200,0,cold,223.147837,cpu,70.058426,84.04087,0.000548
six-pcores,span800-pair-upstream-cpu-w1f4-r2,200,1,warmup,226.895922,cpu,63.132806,104.15458,0.00044
six-pcores,span800-pair-upstream-cpu-w1f4-r2,200,2,warmup,238.675899,cpu,63.80832,109.70532,0.000315
six-pcores,span800-pair-upstream-cpu-w1f4-r2,200,3,steady,200.373103,cpu,69.847952,73.639856,0.000357
six-pcores,span800-pair-upstream-cpu-w1f4-r2,200,4,steady,230.5951,cpu,89.932431,82.965591,0.000541
six-pcores,span800-pair-upstream-cpu-w1f4-r2,200,5,steady,224.051529,cpu,71.77326,93.978011,0.000706
six-pcores,span800-pair-upstream-cpu-w1f4-r2,200,6,steady,199.462285,cpu,65.87473,74.57128,0.000221
six-pcores,span800-pair-upstream-cpu-w1f4-r2,200,7,steady,205.007691,cpu,63.402739,84.20836,0.000311
six-pcores,span800-pair-upstream-cpu-w1f4-r2,200,8,steady,204.161188,cpu,65.205206,81.101768,0.000382
six-pcores,span800-pair-upstream-cpu-w1f4-r2,200,9,steady,193.031588,cpu,67.466393,65.568143,0.000202
six-pcores,span800-pair-upstream-cpu-w1f4-r2,200,10,steady,208.746294,cpu,68.212667,81.009558,0.000275
six-pcores,span800-pair-upstream-cpu-w1f4-r2,200,11,steady,227.433178,cpu,79.222301,83.922924,0.000571
six-pcores,span800-pair-upstream-cpu-w1f4-r3,200,0,cold,217.23715,cpu,63.90002,79.645,0.000362
six-pcores,span800-pair-upstream-cpu-w1f4-r3,200,1,warmup,248.84586,cpu,64.901302,121.938488,0.000279
six-pcores,span800-pair-upstream-cpu-w1f4-r3,200,2,warmup,211.4015,cpu,73.717836,78.638459,0.000721
six-pcores,span800-pair-upstream-cpu-w1f4-r3,200,3,steady,197.956514,cpu,64.273484,73.347321,0.000316
six-pcores,span800-pair-upstream-cpu-w1f4-r3,200,4,steady,210.516339,cpu,74.465657,76.834086,0.000793
six-pcores,span800-pair-upstream-cpu-w1f4-r3,200,5,steady,197.850166,cpu,64.965356,74.962332,0.000279
six-pcores,span800-pair-upstream-cpu-w1f4-r3,200,6,steady,205.33116,cpu,71.534212,75.256987,0.000594
six-pcores,span800-pair-upstream-cpu-w1f4-r3,200,7,steady,193.837529,cpu,66.17412,69.537947,0.000366
six-pcores,span800-pair-upstream-cpu-w1f4-r3,200,8,steady,204.975883,cpu,67.479127,79.916894,0.000443
six-pcores,span800-pair-upstream-cpu-w1f4-r3,200,9,steady,208.922725,cpu,70.458768,79.720359,0.000323
six-pcores,span800-pair-upstream-cpu-w1f4-r3,200,10,steady,211.751026,cpu,65.559834,80.454295,0.000502
six-pcores,span800-pair-upstream-cpu-w1f4-r3,200,11,steady,200.749967,cpu,67.924754,74.566997,0.000533
