host,case,frame,phase,sample_start,sample_count,read_ms,extract_ms,reference_ms,spectrum_ms,clutter_ms,ambiguity_ms,fusion_ms,detection_ms,tracker_ms,json_ms,pipeline_ms,dsp_ms,validation_ms,backend,state,detections,tracks,map_rms_relative,map_peak_relative,fusion_rms_relative,fusion_peak_relative
strix,standard-upstream-cpu-r1,0,cold,0,480000,15.047202,5.732626,0.00045,8.19473,34.59896,35.551592,0.00082,8.853004,0.040168,12.374887,105.347237,105.347237,0.244491,cpu,upstream,7,7,0,0,0,0
strix,standard-upstream-cpu-r1,1,warmup,480000,480000,10.125974,3.07145,0.0003,8.589175,33.850589,33.072578,0.00076,8.954841,0.058348,12.523361,100.121402,100.121402,0.229301,cpu,upstream,14,21,0,0,0,0
strix,standard-upstream-cpu-r1,2,warmup,960000,480000,9.882214,2.970654,0.00031,7.386042,35.253044,28.047385,0.00088,7.149341,0.053848,9.317616,90.17912,90.17912,0.196242,cpu,upstream,7,28,0,0,0,0
strix,standard-upstream-cpu-r1,3,steady,1440000,480000,9.20627,2.590549,0.00045,6.679519,27.551935,24.455315,0.00076,6.221627,0.069347,8.865054,76.434556,76.434556,0.180543,cpu,upstream,5,33,0,0,0,0
strix,standard-upstream-cpu-r1,4,steady,1920000,480000,7.4313,2.193034,0.00035,6.65664,25.158178,23.8156,0.00076,6.580803,0.073267,8.796927,73.275559,73.275559,0.170743,cpu,upstream,4,37,0,0,0,0
strix,standard-upstream-cpu-r1,5,steady,2400000,480000,8.2068,2.240842,0.00054,5.104351,23.961014,23.772282,0.00062,6.286595,0.110356,9.905133,71.381733,71.381733,0.191322,cpu,upstream,7,44,0,0,0,0
strix,standard-upstream-cpu-r1,6,steady,2880000,480000,7.42968,2.117167,0.00047,5.805153,25.814622,25.12437,0.00071,7.217158,0.140124,8.662832,74.882606,74.882606,0.185743,cpu,upstream,9,53,0,0,0,0
strix,standard-upstream-cpu-r1,7,steady,3360000,480000,7.972909,2.168836,0.0005,7.104382,26.932549,24.276782,0.0006,6.322223,0.113446,10.063237,76.982555,76.982555,0.219961,cpu,upstream,8,61,0,0,0,0
strix,standard-upstream-cpu-r1,8,steady,3840000,480000,8.037346,2.175445,0.00031,6.427059,29.522928,26.441007,0.0008,6.272285,0.167554,8.769448,79.776836,79.776836,0.199062,cpu,upstream,10,71,0,0,0,0
strix,standard-upstream-cpu-r1,9,steady,4320000,480000,7.706219,2.156326,0.0005,5.836412,27.874672,25.36287,0.00073,6.371121,0.169353,8.96375,76.735734,76.735734,0.203862,cpu,upstream,9,80,0,0,0,0
strix,standard-upstream-cpu-r1,10,steady,4800000,480000,8.120843,2.119557,0.00049,5.622061,29.483469,25.253394,0.0006,6.341752,0.200303,8.882393,77.904019,77.904019,0.202342,cpu,upstream,5,85,0,0,0,0
strix,standard-upstream-cpu-r1,11,steady,5280000,480000,8.088324,2.176165,0.00038,5.589182,29.797906,25.217226,0.00104,6.223687,0.222211,8.756388,77.984185,77.984185,0.193533,cpu,upstream,6,91,0,0,0,0
strix,standard-upstream-cpu-r1,12,steady,5760000,480000,7.913151,2.127557,0.00035,6.287524,26.830543,26.689757,0.00073,6.228657,0.25847,8.819616,77.243204,77.243204,0.202242,cpu,upstream,8,99,0,0,0,0
strix,standard-upstream-cpu-r1,13,steady,6240000,480000,8.106963,2.132977,0.00028,5.552553,29.823446,25.36738,0.000609,6.232207,0.309208,8.789647,78.208307,78.208307,0.174883,cpu,upstream,12,111,0,0,0,0
strix,standard-upstream-cpu-r1,14,steady,6720000,480000,7.765317,2.186585,0.00028,5.720696,28.134332,23.683005,0.00077,6.262456,0.315217,8.763448,75.066789,75.066789,0.167954,cpu,upstream,17,128,0,0,0,0
strix,standard-upstream-cpu-r1,15,steady,7200000,480000,7.300975,2.160736,0.00035,5.945588,28.298155,24.294471,0.0008,6.217408,0.349386,8.688131,75.955025,75.955025,0.200022,cpu,upstream,6,134,0,0,0,0
strix,standard-upstream-cpu-r1,16,steady,7680000,480000,7.94552,2.191025,0.00029,5.958347,26.946848,24.397818,0.00114,6.201518,0.341266,8.796307,74.834559,74.834559,0.204532,cpu,upstream,7,141,0,0,0,0
strix,standard-upstream-cpu-r1,17,steady,8160000,480000,7.862203,2.189425,0.00059,6.557854,33.316659,23.662006,0.0007,6.300984,0.383255,8.806697,81.21817,81.21817,0.202862,cpu,upstream,11,152,0,0,0,0
strix,standard-upstream-cpu-r1,18,steady,8640000,480000,8.139612,2.175625,0.00046,5.510525,26.9004,23.648397,0.00124,6.321743,0.413604,8.824675,73.796669,73.796669,0.175523,cpu,upstream,11,163,0,0,0,0
strix,standard-upstream-cpu-r1,19,steady,9120000,480000,7.870432,2.159306,0.00023,7.414541,29.312925,23.382247,0.00053,6.334423,0.428663,8.853425,77.88629,77.88629,0.207362,cpu,upstream,7,170,0,0,0,0
strix,standard-fast-cpu-r1,0,cold,0,480000,13.618748,4.330091,0.00052,6.40653,27.601243,24.58055,0.831428,5.012664,0.035528,7.828015,76.626569,76.626569,1.420324,cpu,selected,7,7,0,0,0,0
strix,standard-fast-cpu-r1,1,warmup,480000,480000,7.767417,2.425085,0.00053,5.871651,30.346735,24.742944,0.853327,5.104491,0.051848,8.128382,77.524993,77.524993,1.464563,cpu,selected,14,21,0,0,0,0
strix,standard-fast-cpu-r1,2,warmup,960000,480000,7.637972,2.336069,0.00062,5.822952,27.624412,25.046212,0.842657,5.003315,0.048198,7.999267,74.723702,74.723702,1.441064,cpu,selected,8,29,0,0,0,0
strix,standard-fast-cpu-r1,3,steady,1440000,480000,7.694049,2.334239,0.00029,4.931248,23.678525,21.477072,0.849546,5.161409,0.065277,8.031997,66.529603,66.529603,1.419864,cpu,selected,5,34,0,0,0,0
strix,standard-fast-cpu-r1,4,steady,1920000,480000,7.714269,2.390747,0.00029,6.623981,27.513816,23.04738,0.835568,5.11753,0.065817,8.024627,73.619756,73.619756,1.399885,cpu,selected,4,38,0,0,0,0
strix,standard-fast-cpu-r1,5,steady,2400000,480000,7.756137,2.368878,0.00037,5.712897,29.625813,22.303299,0.831668,4.995265,0.094796,7.922031,73.855017,73.855017,1.441933,cpu,selected,7,45,0,0,0,0
strix,standard-fast-cpu-r1,6,steady,2880000,480000,7.786546,2.396737,0.00043,5.677058,30.642994,22.26683,0.830718,5.12605,0.114835,7.967619,75.023271,75.023271,1.434314,cpu,selected,9,54,0,0,0,0
strix,standard-fast-cpu-r1,7,steady,3360000,480000,7.719948,2.394707,0.00036,6.565393,27.557275,26.915449,0.825948,5.579992,0.094836,7.780426,77.714386,77.714386,1.416145,cpu,selected,8,62,0,0,0,0
strix,standard-fast-cpu-r1,8,steady,3840000,480000,7.739368,2.394056,0.00034,5.739656,29.372844,22.829388,0.828708,4.972586,0.111815,7.865293,74.114686,74.114686,1.409975,cpu,selected,10,71,0,0,0,0
strix,standard-fast-cpu-r1,9,steady,4320000,480000,7.92612,2.390437,0.00037,7.076164,28.272006,23.535981,0.835367,5.174728,0.126675,7.985838,75.397566,75.397566,1.429945,cpu,selected,9,80,0,0,0,0
strix,standard-fast-cpu-r1,10,steady,4800000,480000,8.039176,2.347368,0.0005,5.583912,31.065598,23.995223,0.843847,5.009074,0.162234,9.024428,78.032184,78.032184,1.427984,cpu,selected,5,85,0,0,0,0
strix,standard-fast-cpu-r1,11,steady,5280000,480000,7.723158,2.411376,0.00039,5.768515,29.560396,22.909785,0.831338,5.079452,0.192602,7.93194,74.685794,74.685794,1.411255,cpu,selected,6,91,0,0,0,0
strix,standard-fast-cpu-r1,12,steady,5760000,480000,7.599863,2.366367,0.00038,5.667739,27.633171,22.184064,0.833658,5.036473,0.201822,8.000568,71.924242,71.924242,1.450823,cpu,selected,8,99,0,0,0,0
strix,standard-fast-cpu-r1,13,steady,6240000,480000,8.062426,2.364177,0.00027,5.727707,30.314566,23.930036,0.822638,5.044283,0.263929,7.928461,76.396067,76.396067,1.403925,cpu,selected,12,111,0,0,0,0
strix,standard-fast-cpu-r1,14,steady,6720000,480000,8.050946,2.439165,0.00047,5.796203,26.990056,24.433437,0.832507,4.934917,0.327488,7.883742,73.637985,73.637985,1.401975,cpu,selected,17,128,0,0,0,0
strix,standard-fast-cpu-r1,15,steady,7200000,480000,7.884752,2.437665,0.00047,6.857933,29.785977,25.144278,0.823868,4.937047,0.357886,7.865833,78.210957,78.210957,1.409215,cpu,selected,6,134,0,0,0,0
strix,standard-fast-cpu-r1,16,steady,7680000,480000,8.109243,2.533641,0.0004,5.967197,28.864083,27.107612,0.864896,5.167209,0.361085,8.223959,79.090082,79.090082,1.455994,cpu,selected,7,141,0,0,0,0
strix,standard-fast-cpu-r1,17,steady,8160000,480000,8.160442,2.525661,0.00057,5.853922,28.629002,25.546963,0.871276,6.310463,0.370636,8.146922,78.255415,78.255415,1.453103,cpu,selected,13,154,0,0,0,0
strix,standard-fast-cpu-r1,18,steady,8640000,480000,8.076115,2.507362,0.00037,5.966367,27.789555,23.268491,0.855287,5.096161,0.395155,8.17644,74.055188,74.055188,1.452554,cpu,selected,11,165,0,0,0,0
strix,standard-fast-cpu-r1,19,steady,9120000,480000,7.94671,2.485422,0.00073,6.430519,28.745958,22.865578,0.878955,5.159369,0.425843,8.232769,75.225143,75.225143,1.451693,cpu,selected,7,172,0,0,0,0
strix,standard-fast-gpu-r1,0,gpu_qualification,0,480000,11.048399,4.391779,0.000379,7.713509,25.468216,39.71039,0.861096,5.010865,0.035218,8.046396,91.237848,91.237848,1.430734,cpu,checking,7,7,0,0,0,0
strix,standard-fast-gpu-r1,1,gpu_qualification,480000,480000,7.256866,2.437825,0.00038,8.314716,31.787309,37.630611,0.849396,5.003815,0.047158,8.002778,94.073988,94.073988,1.432474,cpu,checking,14,21,0,0,0,0
strix,standard-fast-gpu-r1,2,gpu_qualification,960000,480000,7.615692,2.346809,0.00047,5.845362,29.787157,32.929464,0.848457,5.101621,0.048378,8.068565,84.976283,84.976283,1.404385,cpu,ready,8,29,0,0,0,0
strix,standard-fast-gpu-r1,3,steady,1440000,480000,7.848844,2.329759,0.00051,7.696969,30.571677,12.213823,0.832037,5.058023,0.065977,7.969079,66.737854,66.737854,2.011802,vulkan,ready,5,34,6.607040562e-07,6.213921026e-07,0,0
strix,standard-fast-gpu-r1,4,steady,1920000,480000,7.821055,2.479953,0.00039,6.538435,28.775807,11.325827,0.863507,5.286323,0.067928,8.295646,63.633816,63.633816,2.087028,vulkan,ready,4,38,6.559489504e-07,6.411079661e-07,0,0
strix,standard-fast-gpu-r1,5,steady,2400000,480000,7.877522,2.408276,0.00035,6.435569,27.832384,11.352936,0.856887,5.230146,0.077197,8.165281,62.359026,62.359026,2.066199,vulkan,ready,7,45,6.559527958e-07,4.876190563e-07,0,0
strix,standard-fast-gpu-r1,6,steady,2880000,480000,7.894111,2.392057,0.0005,5.427448,26.792734,12.033,0.841427,5.150369,0.133975,8.064035,60.835545,60.835545,2.0634,vulkan,ready,9,54,6.673144137e-07,1.026703816e-06,0,0
strix,standard-fast-gpu-r1,7,steady,3360000,480000,7.330363,2.515252,0.00066,5.780544,31.785629,13.010053,0.829457,5.183108,0.114965,8.21575,67.435418,67.435418,2.097598,vulkan,ready,8,62,6.639313638e-07,7.954202281e-07,0,0
strix,standard-fast-gpu-r1,8,steady,3840000,480000,8.47329,2.441214,0.00038,5.802664,31.146294,12.614517,0.850937,6.213127,0.132445,8.045806,67.247384,67.247384,2.05036,vulkan,ready,10,71,6.685587759e-07,7.49681431e-07,0,0
strix,standard-fast-gpu-r1,9,steady,4320000,480000,7.699409,2.413226,0.0005,6.491827,27.092722,11.696093,0.840808,5.074731,0.134365,8.072175,61.816447,61.816447,2.04819,vulkan,ready,9,80,6.804677817e-07,9.05658483e-07,0,0
strix,standard-fast-gpu-r1,10,steady,4800000,480000,7.798186,2.347278,0.0007,5.526994,28.239478,11.931534,0.838217,5.13637,0.200732,8.048716,62.270019,62.270019,2.05278,vulkan,ready,5,85,6.803368024e-07,6.172348236e-07,0,0
strix,standard-fast-gpu-r1,11,steady,5280000,480000,8.088794,2.488973,0.00025,6.14133,28.205429,11.360407,0.875796,5.350011,0.202872,8.384043,63.009111,63.009111,2.089458,vulkan,ready,6,91,6.700644436e-07,6.467442077e-07,0,0
strix,standard-fast-gpu-r1,12,steady,5760000,480000,10.152984,2.574579,0.00055,7.292435,27.553105,9.096515,0.872945,5.161499,0.220051,8.260768,61.032447,61.032447,2.073339,vulkan,ready,8,99,6.66154106e-07,5.262565849e-07,0,0
strix,standard-fast-gpu-r1,13,steady,6240000,480000,8.247458,2.424785,0.00051,5.858511,28.242588,10.953302,0.855287,5.143999,0.308328,8.136402,61.923712,61.923712,2.036671,vulkan,ready,12,111,6.722680193e-07,6.383851524e-07,0,0
strix,standard-fast-gpu-r1,14,steady,6720000,480000,7.67499,2.439985,0.00037,5.845912,27.90754,12.579599,1.585438,5.325802,0.347397,8.046105,64.078148,64.078148,2.024421,vulkan,ready,17,128,6.659074629e-07,6.46795454e-07,0,0
strix,standard-fast-gpu-r1,15,steady,7200000,480000,8.214469,2.493663,0.0004,5.835642,29.521278,11.608457,0.858516,5.137639,0.374926,8.20046,64.030981,64.030981,2.078548,vulkan,ready,6,134,6.632429346e-07,6.219606847e-07,0,0
strix,standard-fast-gpu-r1,16,steady,7680000,480000,8.478509,2.488383,0.00047,5.859291,31.26003,10.847096,0.867296,5.266895,0.381975,8.669521,65.640957,65.640957,2.100258,vulkan,ready,7,141,6.600000398e-07,4.812178746e-07,0,0
strix,standard-fast-gpu-r1,17,steady,8160000,480000,7.655671,2.499793,0.0005,5.600441,27.205478,10.679873,0.862016,5.13011,0.399885,8.19102,60.569116,60.569116,2.059989,vulkan,ready,13,154,6.735752533e-07,6.105546139e-07,0,0
strix,standard-fast-gpu-r1,18,steady,8640000,480000,7.835754,2.498333,0.00037,6.236786,26.693148,11.27558,0.844537,5.088641,0.415414,8.72374,61.776549,61.776549,2.026391,vulkan,ready,11,165,6.85858127e-07,6.627711193e-07,0,0
strix,standard-fast-gpu-r1,19,steady,9120000,480000,7.827564,2.431665,0.00049,6.080713,27.757486,11.433674,0.833327,5.037944,0.426783,7.973369,61.975451,61.975451,2.014741,vulkan,ready,7,172,6.787877043e-07,5.65265263e-07,0,0
strix,standard-fast-gpu-r2,0,gpu_qualification,0,480000,11.00798,4.468186,0.00044,6.855012,28.225438,38.629212,0.882236,5.089731,0.035389,8.112313,92.297957,92.297957,1.448324,cpu,checking,7,7,0,0,0,0
strix,standard-fast-gpu-r2,1,gpu_qualification,480000,480000,7.739708,2.452125,0.0003,7.715898,29.312146,32.102247,0.867196,5.163938,0.047918,8.102204,85.763972,85.763972,1.432634,cpu,checking,14,21,0,0,0,0
strix,standard-fast-gpu-r2,2,gpu_qualification,960000,480000,7.638312,2.383297,0.00038,5.785954,27.441159,34.277252,0.878865,5.1352,0.048738,7.993028,83.943873,83.943873,1.425184,cpu,ready,8,29,0,0,0,0
strix,standard-fast-gpu-r2,3,steady,1440000,480000,7.550705,2.416956,0.00073,5.472136,26.427179,10.312717,0.844917,5.035873,0.066138,7.991658,58.568304,58.568304,2.014111,vulkan,ready,5,34,6.607040562e-07,6.213921026e-07,0,0
strix,standard-fast-gpu-r2,4,steady,1920000,480000,7.636682,2.402236,0.0003,5.585132,28.401772,11.469452,0.826748,5.075311,0.064388,7.917051,61.74239,61.74239,1.989212,vulkan,ready,4,38,6.559489504e-07,6.411079661e-07,0,0
strix,standard-fast-gpu-r2,5,steady,2400000,480000,7.668561,2.396126,0.00037,5.610671,26.423769,10.804038,0.822878,4.968366,0.075357,7.895222,58.996797,58.996797,1.993002,vulkan,ready,7,45,6.559527958e-07,4.876190563e-07,0,0
strix,standard-fast-gpu-r2,6,steady,2880000,480000,7.763637,2.375747,0.00036,5.747776,28.652041,11.232562,0.820148,4.930617,0.139835,7.835024,61.73411,61.73411,2.012921,vulkan,ready,9,54,6.673144137e-07,1.026703816e-06,0,0
strix,standard-fast-gpu-r2,7,steady,3360000,480000,8.094154,2.480644,0.00024,6.162279,26.590492,10.851906,0.845307,5.111251,0.111415,8.008738,60.162272,60.162272,2.060559,vulkan,ready,8,62,6.639313638e-07,7.954202281e-07,0,0
strix,standard-fast-gpu-r2,8,steady,3840000,480000,7.838564,2.414086,0.00032,5.692187,26.205607,10.51582,0.827528,5.079681,0.119926,7.947019,58.802174,58.802174,2.026731,vulkan,ready,10,71,6.685587759e-07,7.49681431e-07,0,0
strix,standard-fast-gpu-r2,9,steady,4320000,480000,7.587794,2.370087,0.00038,5.666429,27.100372,11.495041,0.831348,5.025454,0.133355,7.947699,60.570165,60.570165,2.000652,vulkan,ready,9,80,6.804677817e-07,9.05658483e-07,0,0
strix,standard-fast-gpu-r2,10,steady,4800000,480000,7.765197,2.363097,0.00024,5.507985,25.966487,10.220831,0.822877,5.053913,0.190933,7.964879,58.091242,58.091242,2.024831,vulkan,ready,5,85,6.803368024e-07,6.172348236e-07,0,0
strix,standard-fast-gpu-r2,11,steady,5280000,480000,7.867783,2.407926,0.00032,6.628961,29.123413,11.53732,0.820308,5.131999,0.208092,7.912971,63.77131,63.77131,2.018292,vulkan,ready,6,91,6.700644436e-07,6.467442077e-07,0,0
strix,standard-fast-gpu-r2,12,steady,5760000,480000,7.986288,2.436685,0.00037,6.371201,26.867491,11.619196,0.816368,5.103421,0.222351,7.911412,61.348495,61.348495,2.011371,vulkan,ready,8,99,6.66154106e-07,5.262565849e-07,0,0
strix,standard-fast-gpu-r2,13,steady,6240000,480000,7.531576,2.370208,0.00025,5.302542,23.369948,9.201641,0.841297,5.066502,0.287799,7.992918,54.433105,54.433105,2.007982,vulkan,ready,12,111,6.722680193e-07,6.383851524e-07,0,0
strix,standard-fast-gpu-r2,14,steady,6720000,480000,8.073945,2.437955,0.00037,6.086372,26.669329,10.936973,0.817638,5.021714,0.351666,7.929551,60.251568,60.251568,1.992812,vulkan,ready,17,128,6.659074629e-07,6.46795454e-07,0,0
strix,standard-fast-gpu-r2,15,steady,7200000,480000,7.712229,2.447484,0.00029,5.942558,27.379352,10.945732,0.817058,5.017854,0.355837,7.881372,60.787537,60.787537,1.991082,vulkan,ready,6,134,6.632429346e-07,6.219606847e-07,0,0
strix,standard-fast-gpu-r2,16,steady,7680000,480000,7.935641,2.408226,0.00065,6.531315,28.770066,11.602297,0.822928,4.997625,0.378475,7.843854,63.355436,63.355436,2.007622,vulkan,ready,7,141,6.600000398e-07,4.812178746e-07,0,0
strix,standard-fast-gpu-r2,17,steady,8160000,480000,7.770607,2.463444,0.0005,5.697987,27.609152,12.634317,0.826688,4.943287,0.393754,7.892202,62.461331,62.461331,2.029171,vulkan,ready,13,154,6.735752533e-07,6.105546139e-07,0,0
strix,standard-fast-gpu-r2,18,steady,8640000,480000,7.760107,2.488363,0.00048,5.322432,27.15391,11.212342,0.823138,5.10683,0.432494,7.868292,60.408281,60.408281,2.000552,vulkan,ready,11,165,6.85858127e-07,6.627711193e-07,0,0
strix,standard-fast-gpu-r2,19,steady,9120000,480000,7.967829,2.499982,0.00038,5.779934,29.008958,12.55598,0.867896,5.228616,0.430733,8.20473,64.577209,64.577209,2.071099,vulkan,ready,7,172,6.787877043e-07,5.65265263e-07,0,0
strix,standard-fast-cpu-r2,0,cold,0,480000,10.418153,4.37413,0.00037,6.746536,27.866073,26.059922,0.844067,5.522524,0.037799,7.997588,79.449009,79.449009,1.424844,cpu,selected,7,7,0,0,0,0
strix,standard-fast-cpu-r2,1,warmup,480000,480000,7.531166,2.455744,0.00041,5.916309,26.345002,23.100438,0.834687,5.217856,0.048759,8.029106,71.948311,71.948311,1.428524,cpu,selected,14,21,0,0,0,0
strix,standard-fast-cpu-r2,2,warmup,960000,480000,8.103524,2.384137,0.00038,5.743196,25.707726,24.126098,0.836318,5.133389,0.050458,8.051126,72.032828,72.032828,1.436364,cpu,selected,8,29,0,0,0,0
strix,standard-fast-cpu-r2,3,steady,1440000,480000,8.105814,2.321479,0.0005,5.073272,26.025184,21.334307,0.823838,5.172758,0.061508,8.036706,68.849552,68.849552,1.424054,cpu,selected,5,34,0,0,0,0
strix,standard-fast-cpu-r2,4,steady,1920000,480000,7.556645,2.425695,0.00036,6.391421,27.708498,22.882706,0.829928,5.12439,0.066197,7.873313,73.302508,73.302508,1.377336,cpu,selected,4,38,0,0,0,0
strix,standard-fast-cpu-r2,5,steady,2400000,480000,8.130742,2.414326,0.00051,5.601641,24.101269,24.761654,0.827117,5.14167,0.094536,8.035616,70.978339,70.978339,1.416765,cpu,selected,7,45,0,0,0,0
strix,standard-fast-cpu-r2,6,steady,2880000,480000,8.044286,2.357848,0.00039,5.582452,27.633341,24.149857,0.818658,5.179238,0.109906,7.960339,73.792029,73.792029,1.429374,cpu,selected,9,54,0,0,0,0
strix,standard-fast-cpu-r2,7,steady,3360000,480000,8.268067,2.496642,0.00039,6.789415,26.12727,22.80843,0.838767,5.066643,0.102276,7.94126,72.171093,72.171093,1.423924,cpu,selected,8,62,0,0,0,0
strix,standard-fast-cpu-r2,8,steady,3840000,480000,8.148412,2.432855,0.00038,5.578682,27.250006,23.620958,0.828118,5.656659,0.111976,7.862433,73.342067,73.342067,1.412295,cpu,selected,10,71,0,0,0,0
strix,standard-fast-cpu-r2,9,steady,4320000,480000,7.981679,2.393646,0.00036,6.075703,28.555335,22.820159,0.830018,5.1036,0.128795,8.002248,73.909864,73.909864,1.411715,cpu,selected,9,80,0,0,0,0
strix,standard-fast-cpu-r2,10,steady,4800000,480000,8.156182,2.404506,0.00038,5.654009,27.903391,28.036015,0.843907,5.093831,0.167004,8.018877,78.12192,78.12192,1.426424,cpu,selected,5,85,0,0,0,0
strix,standard-fast-cpu-r2,11,steady,5280000,480000,8.099084,2.489142,0.00036,5.577193,28.306764,23.533732,0.842437,5.142609,0.202712,7.910411,74.00536,74.00536,1.408795,cpu,selected,6,91,0,0,0,0
strix,standard-fast-cpu-r2,12,steady,5760000,480000,7.700889,2.412856,0.00039,5.921909,27.173629,25.34036,0.822598,5.110041,0.202252,8.004927,74.988962,74.988962,1.439304,cpu,selected,8,99,0,0,0,0
strix,standard-fast-cpu-r2,13,steady,6240000,480000,8.18947,2.370998,0.00045,5.61713,29.163692,24.446855,0.818548,5.080462,0.311388,7.948439,75.757962,75.757962,1.407126,cpu,selected,12,111,0,0,0,0
strix,standard-fast-cpu-r2,14,steady,6720000,480000,8.037556,2.454085,0.00037,5.924348,27.527586,22.704383,0.830068,5.076482,0.334527,7.813244,72.665093,72.665093,1.418485,cpu,selected,17,128,0,0,0,0
strix,standard-fast-cpu-r2,15,steady,7200000,480000,7.963669,2.451174,0.00039,6.697699,27.269585,24.278022,0.827688,5.155849,0.341846,7.875013,74.897266,74.897266,1.406875,cpu,selected,6,134,0,0,0,0
strix,standard-fast-cpu-r2,16,steady,7680000,480000,8.276197,2.421876,0.00038,6.079122,27.278955,22.321199,0.826357,5.088852,0.357356,7.968169,72.342266,72.342266,1.424254,cpu,selected,7,141,0,0,0,0
strix,standard-fast-cpu-r2,17,steady,8160000,480000,8.18726,2.489473,0.00023,5.984796,27.023335,25.224775,0.819548,5.048143,0.364666,7.867033,74.821999,74.821999,1.422004,cpu,selected,13,154,0,0,0,0
strix,standard-fast-cpu-r2,18,steady,8640000,480000,8.041416,2.454794,0.00039,5.924158,27.41029,24.968895,0.818548,5.043803,0.394255,7.93416,74.949293,74.949293,1.420895,cpu,selected,11,165,0,0,0,0
strix,standard-fast-cpu-r2,19,steady,9120000,480000,8.096683,2.449795,0.00051,6.756896,27.395511,25.832151,0.837077,5.12253,0.421184,8.022497,76.838151,76.838151,1.400345,cpu,selected,7,172,0,0,0,0
strix,standard-upstream-cpu-r2,0,cold,0,480000,11.369716,4.383659,0.00031,7.066904,28.987268,26.092952,0.00062,6.213027,0.043788,8.808717,81.597245,81.597245,1.120156,cpu,upstream,7,7,0,0,0,0
strix,standard-upstream-cpu-r2,1,warmup,480000,480000,7.745808,2.146836,0.00053,8.376953,26.313373,24.349009,0.00055,6.231347,0.049228,8.803946,76.271772,76.271772,1.114506,cpu,upstream,14,21,0,0,0,0
strix,standard-upstream-cpu-r2,2,warmup,960000,480000,7.746637,2.076499,0.00037,6.280015,27.446388,23.971994,0.00051,6.223187,0.049898,8.72801,74.776871,74.776871,1.106776,cpu,upstream,7,28,0,0,0,0
strix,standard-upstream-cpu-r2,3,steady,1440000,480000,7.846934,2.089178,0.00028,5.580502,28.120583,22.988122,0.00058,6.198998,0.069637,8.796787,73.844667,73.844667,1.100077,cpu,upstream,5,33,0,0,0,0
strix,standard-upstream-cpu-r2,4,steady,1920000,480000,7.234357,2.158826,0.00028,5.466926,28.103113,24.646788,0.00056,6.127911,0.074897,8.7031,75.282401,75.282401,1.080568,cpu,upstream,4,37,0,0,0,0
strix,standard-upstream-cpu-r2,5,steady,2400000,480000,7.836974,2.104818,0.00041,5.62891,28.416011,25.393439,0.00089,6.054853,0.108756,8.657812,76.365899,76.365899,1.104797,cpu,upstream,7,44,0,0,0,0
strix,standard-upstream-cpu-r2,6,steady,2880000,480000,8.351034,2.121377,0.00036,6.525095,29.234229,24.156107,0.00055,6.177179,0.129015,8.720089,77.064001,77.064001,1.113447,cpu,upstream,9,53,0,0,0,0
strix,standard-upstream-cpu-r2,7,steady,3360000,480000,8.156232,2.174645,0.00038,5.760035,28.289656,23.355248,0.00083,6.224417,0.110475,8.918392,74.834078,74.834078,1.126986,cpu,upstream,8,61,0,0,0,0
strix,standard-upstream-cpu-r2,8,steady,3840000,480000,8.116723,2.141506,0.00037,5.789354,28.407131,23.454825,0.00067,6.200038,0.176323,8.777637,74.947854,74.947854,1.107457,cpu,upstream,10,71,0,0,0,0
strix,standard-upstream-cpu-r2,9,steady,4320000,480000,7.217298,2.124097,0.00052,5.534584,28.822175,23.360968,0.00056,6.308924,0.169373,8.824646,75.145847,75.145847,1.116336,cpu,upstream,9,80,0,0,0,0
strix,standard-upstream-cpu-r2,10,steady,4800000,480000,8.189641,2.101048,0.00036,6.749826,28.319004,23.217844,0.00055,6.173759,0.196272,8.819096,75.577759,75.577759,1.144745,cpu,upstream,5,85,0,0,0,0
strix,standard-upstream-cpu-r2,11,steady,5280000,480000,7.898042,2.144246,0.00038,5.733296,30.355865,22.583378,0.00093,6.13983,0.216002,8.734789,75.908716,75.908716,1.108377,cpu,upstream,6,91,0,0,0,0
strix,standard-upstream-cpu-r2,12,steady,5760000,480000,7.862753,2.113788,0.00036,5.517684,30.077186,23.703075,0.00071,6.278965,0.272819,8.792937,76.757524,76.757524,1.119286,cpu,upstream,8,99,0,0,0,0
strix,standard-upstream-cpu-r2,13,steady,6240000,480000,8.20422,2.129117,0.00037,6.488827,29.638992,23.647977,0.00041,6.235927,0.296368,8.768748,77.206736,77.206736,1.107826,cpu,upstream,12,111,0,0,0,0
strix,standard-upstream-cpu-r2,14,steady,6720000,480000,7.867983,2.178715,0.00029,6.006965,27.116422,24.299651,0.00066,6.268246,0.314117,8.847845,75.032911,75.032911,1.112726,cpu,upstream,17,128,0,0,0,0
strix,standard-upstream-cpu-r2,15,steady,7200000,480000,8.077455,2.176085,0.00035,5.735486,26.685208,26.294663,0.00055,6.14996,0.337057,8.643452,76.022811,76.022811,1.101217,cpu,upstream,6,134,0,0,0,0
strix,standard-upstream-cpu-r2,16,steady,7680000,480000,8.052075,2.218954,0.0005,5.787764,28.698829,24.454656,0.00077,6.217007,0.346876,8.812186,76.537542,76.537542,1.114807,cpu,upstream,7,141,0,0,0,0
strix,standard-upstream-cpu-r2,17,steady,8160000,480000,7.95097,2.181774,0.00041,5.737496,28.798796,25.830062,0.00088,6.168609,0.390665,8.70363,77.812322,77.812322,1.112706,cpu,upstream,11,152,0,0,0,0
strix,standard-upstream-cpu-r2,18,steady,8640000,480000,7.9585,2.163715,0.00039,5.471997,26.994276,24.617539,0.00066,6.117441,0.426043,8.831576,74.623637,74.623637,1.104426,cpu,upstream,11,163,0,0,0,0
strix,standard-upstream-cpu-r2,19,steady,9120000,480000,8.240758,2.193984,0.00045,5.724397,27.099982,24.378748,0.00066,6.15452,0.424213,8.847605,74.824559,74.824559,1.107487,cpu,upstream,7,170,0,0,0,0
strix,wide-upstream-cpu-r1,0,cold,0,600000,13.091419,5.530704,0.00031,9.422502,31.130554,45.022882,0.00052,19.013628,0.051108,26.421699,136.593907,136.593907,0.50831,cpu,upstream,19,19,0,0,0,0
strix,wide-upstream-cpu-r1,1,warmup,600000,600000,9.590515,2.781422,0.00037,9.330475,31.780789,38.132492,0.00062,19.4511,0.064978,26.603191,128.145437,128.145437,0.500261,cpu,upstream,23,42,0,0,0,0
strix,wide-upstream-cpu-r1,2,warmup,1200000,600000,9.439602,2.81089,0.00037,8.312426,31.739451,41.48435,0.00078,19.531327,0.092117,26.863131,130.834842,130.834842,0.477182,cpu,upstream,17,59,0,0,0,0
strix,wide-upstream-cpu-r1,3,steady,1800000,600000,9.650404,2.744632,0.00061,8.865114,32.394326,41.956922,0.00088,19.578355,0.183483,26.870801,132.595123,132.595123,0.485721,cpu,upstream,19,78,0,0,0,0
strix,wide-upstream-cpu-r1,4,steady,2400000,600000,9.597615,2.780512,0.00036,8.504978,32.638556,39.105643,0.00083,19.136583,0.187952,26.676549,129.031963,129.031963,0.49244,cpu,upstream,21,99,0,0,0,0
strix,wide-upstream-cpu-r1,5,steady,3000000,600000,9.540788,2.81235,0.0005,8.70645,32.891946,44.659456,0.00048,19.570086,0.287209,26.836402,135.764879,135.764879,0.470042,cpu,upstream,23,122,0,0,0,0
strix,wide-upstream-cpu-r1,6,steady,3600000,600000,9.605355,2.773372,0.00038,9.496489,32.817319,39.021326,0.00062,19.21066,0.312348,26.937458,130.569972,130.569972,0.51118,cpu,upstream,26,148,0,0,0,0
strix,wide-upstream-cpu-r1,7,steady,4200000,600000,9.644354,2.81737,0.00076,8.884443,31.385585,41.545118,0.00056,19.508189,0.341926,26.706987,131.190938,131.190938,0.498831,cpu,upstream,29,177,0,0,0,0
strix,wide-upstream-cpu-r1,8,steady,4800000,600000,9.817077,2.808251,0.00066,8.589924,32.467493,40.956411,0.000689,19.860825,0.348206,27.656281,132.68874,132.68874,0.51256,cpu,upstream,11,188,0,0,0,0
strix,wide-upstream-cpu-r1,9,steady,5400000,600000,9.73857,2.848089,0.00085,8.786207,31.006919,39.680231,0.0006,19.507738,0.394965,27.391621,129.61722,129.61722,0.5133,cpu,upstream,24,212,0,0,0,0
strix,wide-upstream-cpu-r1,10,steady,6000000,600000,9.412312,2.864518,0.00051,7.810115,28.131402,43.268781,0.00108,19.880823,0.429094,27.291314,129.677637,129.677637,0.499391,cpu,upstream,28,240,0,0,0,0
strix,wide-upstream-cpu-r1,11,steady,6600000,600000,9.74175,2.805751,0.00051,9.280857,32.976333,42.915075,0.00099,19.539027,0.490091,26.865481,134.874115,134.874115,0.490561,cpu,upstream,30,270,0,0,0,0
strix,wide-upstream-cpu-r1,12,steady,7200000,600000,9.741789,2.791981,0.00066,8.226599,30.859835,42.283139,0.00109,19.387753,0.501871,27.040284,131.093212,131.093212,0.499151,cpu,upstream,28,298,0,0,0,0
strix,wide-upstream-cpu-r1,13,steady,7800000,600000,9.694261,2.813201,0.0005,9.47632,32.576028,46.033613,0.00083,19.552586,0.582527,26.889641,137.925246,137.925246,0.50974,cpu,upstream,38,336,0,0,0,0
strix,wide-upstream-cpu-r1,14,steady,8400000,600000,9.699791,2.8067,0.00041,8.685231,33.636567,41.567797,0.00079,19.388473,0.645785,26.818703,133.550456,133.550456,0.51878,cpu,upstream,27,363,0,0,0,0
strix,wide-upstream-cpu-r1,15,steady,9000000,600000,10.012859,2.851149,0.00053,8.728969,31.846856,44.626148,0.00079,19.829716,0.691913,27.303614,135.879685,135.879685,0.51398,cpu,upstream,20,383,0,0,0,0
strix,wide-fast-cpu-r1,0,cold,0,600000,13.376418,5.565902,0.00041,8.987879,33.464034,38.17559,2.584819,15.914528,0.045989,24.341699,129.08085,129.08085,4.416688,cpu,selected,19,19,0,0,0,0
strix,wide-fast-cpu-r1,1,warmup,600000,600000,9.415042,3.177096,0.00038,9.255099,32.923515,38.033765,2.635077,15.737996,0.065097,24.397827,126.225852,126.225852,4.437077,cpu,selected,23,42,0,0,0,0
strix,wide-fast-cpu-r1,2,warmup,1200000,600000,9.374275,3.206714,0.00037,8.238819,32.745011,42.740662,2.776011,15.472276,0.092547,24.147517,129.419927,129.419927,4.452166,cpu,selected,17,59,0,0,0,0
strix,wide-fast-cpu-r1,3,steady,1800000,600000,9.675652,3.243653,0.00037,9.624255,33.485732,46.661049,2.733223,16.441088,0.180453,25.60633,137.976153,137.976153,4.543223,cpu,selected,19,77,0,0,0,0
strix,wide-fast-cpu-r1,4,steady,2400000,600000,9.594585,3.242544,0.00063,8.69389,35.562412,44.732524,2.644566,16.019365,0.171423,24.819111,135.886465,135.886465,4.452947,cpu,selected,21,98,0,0,0,0
strix,wide-fast-cpu-r1,5,steady,3000000,600000,9.618575,3.310121,0.00062,8.466199,33.280321,41.130624,2.692715,15.917689,0.282459,24.82617,129.906918,129.906918,4.595871,cpu,selected,23,121,0,0,0,0
strix,wide-fast-cpu-r1,6,steady,3600000,600000,9.316767,3.202965,0.00063,7.593753,28.936891,43.848858,2.660486,15.691807,0.310798,24.571131,126.817319,126.817319,4.542893,cpu,selected,27,148,0,0,0,0
strix,wide-fast-cpu-r1,7,steady,4200000,600000,9.890394,3.32596,0.00068,8.603824,34.046741,42.957533,2.669226,16.477106,0.292329,25.221715,133.595114,133.595114,4.633589,cpu,selected,29,177,0,0,0,0
strix,wide-fast-cpu-r1,8,steady,4800000,600000,9.617244,3.234194,0.00037,8.848225,33.05097,40.97723,2.740483,16.114461,0.362106,25.016693,130.344732,130.344732,4.478195,cpu,selected,11,188,0,0,0,0
strix,wide-fast-cpu-r1,9,steady,5400000,600000,9.644644,3.294311,0.00038,8.766878,32.03343,39.568665,2.643227,15.936968,0.383805,24.58984,127.217504,127.217504,4.444126,cpu,selected,25,213,0,0,0,0
strix,wide-fast-cpu-r1,10,steady,6000000,600000,9.519528,3.257113,0.00033,8.674451,32.505521,36.971257,2.614908,15.953527,0.428563,24.457356,124.863026,124.863026,4.440236,cpu,selected,28,241,0,0,0,0
strix,wide-fast-cpu-r1,11,steady,6600000,600000,9.700282,3.222224,0.00064,8.605304,31.741781,40.029737,2.613868,15.841871,0.488101,24.385188,126.928714,126.928714,4.476276,cpu,selected,30,271,0,0,0,0
strix,wide-fast-cpu-r1,12,steady,7200000,600000,9.760589,3.258643,0.00071,8.621014,32.057178,40.46639,2.675756,15.911419,0.529939,24.276732,127.797781,127.797781,4.467176,cpu,selected,28,299,0,0,0,0
strix,wide-fast-cpu-r1,13,steady,7800000,600000,9.706171,3.306601,0.00066,8.990069,30.981791,39.719049,2.626187,16.345182,0.597067,24.442366,127.008972,127.008972,4.563432,cpu,selected,38,337,0,0,0,0
strix,wide-fast-cpu-r1,14,steady,8400000,600000,9.906693,3.245883,0.00052,8.842675,31.915684,37.123181,2.611938,15.991566,0.624595,24.443806,124.799848,124.799848,4.505834,cpu,selected,28,365,0,0,0,0
strix,wide-fast-cpu-r1,15,steady,9000000,600000,9.624364,3.289882,0.0005,7.752017,29.001828,38.15697,2.596089,15.931708,0.680264,24.635998,122.045256,122.045256,4.502984,cpu,selected,21,385,0,0,0,0
strix,wide-fast-gpu-r1,0,gpu_qualification,0,600000,12.56279,5.422238,0.00064,9.080806,32.53003,59.870542,2.57835,15.597711,0.046638,24.787552,149.914507,149.914507,4.37142,cpu,checking,19,19,0,0,0,0
strix,wide-fast-gpu-r1,1,gpu_qualification,600000,600000,9.856465,3.033002,0.00054,9.557197,30.690072,55.377038,2.665206,15.962537,0.065797,24.511553,141.862942,141.862942,4.430447,cpu,checking,23,42,0,0,0,0
strix,wide-fast-gpu-r1,2,gpu_qualification,1200000,600000,9.800627,2.991863,0.00024,8.155332,31.372775,53.229492,2.652537,15.969296,0.094086,24.559292,139.024913,139.024913,4.382049,cpu,ready,17,59,0,0,0,0
strix,wide-fast-gpu-r1,3,steady,1800000,600000,9.900633,2.965975,0.00064,8.400472,32.688574,21.309288,2.603618,15.786944,0.212731,24.669137,108.637379,108.637379,6.396641,vulkan,ready,19,77,4.7661543e-07,4.308220507e-07,0,0
strix,wide-fast-gpu-r1,4,steady,2400000,600000,9.881074,3.021723,0.000609,8.47389,33.340398,21.76588,2.55887,15.871371,0.199052,24.307941,109.539734,109.539734,6.293484,vulkan,ready,21,98,4.880415955e-07,4.576839916e-07,0,0
strix,wide-fast-gpu-r1,5,steady,3000000,600000,9.541197,3.024552,0.00053,8.142742,33.488873,20.74678,2.54608,15.608911,0.298768,24.141088,107.998324,107.998324,6.235747,vulkan,ready,23,121,4.918626239e-07,9.640692368e-07,0,0
strix,wide-fast-gpu-r1,6,steady,3600000,600000,9.787808,3.087969,0.00041,9.451741,33.011301,21.665125,2.656516,16.322053,0.324227,25.36117,111.880512,111.880512,6.583353,vulkan,ready,27,148,4.799594635e-07,5.832320995e-07,0,0
strix,wide-fast-gpu-r1,7,steady,4200000,600000,9.386744,3.113078,0.00053,9.610155,31.750101,21.917204,2.675036,16.346261,0.327248,25.015313,110.754926,110.754926,6.459438,vulkan,ready,29,177,4.974356477e-07,1.088106315e-06,0,0
strix,wide-fast-gpu-r1,8,steady,4800000,600000,9.302697,3.014502,0.00038,8.255658,33.324359,21.52654,2.605718,15.88181,0.389785,24.83469,109.833442,109.833442,6.427699,vulkan,ready,11,188,4.964750076e-07,4.428587321e-07,0,0
strix,wide-fast-gpu-r1,9,steady,5400000,600000,9.817177,3.0626,0.00034,8.246638,35.6187,20.695862,2.578109,15.931908,0.408874,24.559852,111.102883,111.102883,6.307793,vulkan,ready,25,213,4.827017499e-07,2.955141456e-07,0,0
strix,wide-fast-gpu-r1,10,steady,6000000,600000,9.043787,3.05906,0.00063,8.300016,33.980924,21.471901,2.542601,15.660799,0.444872,24.531843,109.992646,109.992646,6.326433,vulkan,ready,28,241,4.650426723e-07,3.094098176e-07,0,0
strix,wide-fast-gpu-r1,11,steady,6600000,600000,9.999399,3.041752,0.00036,8.806846,31.317557,20.157273,2.57615,15.87503,0.50606,24.479285,106.760313,106.760313,6.347982,vulkan,ready,30,271,4.747715182e-07,4.735966983e-07,0,0
strix,wide-fast-gpu-r1,12,steady,7200000,600000,9.465031,3.039191,0.00049,8.604634,34.218774,21.860027,2.55481,15.648929,0.559558,24.319951,110.806364,110.806364,6.301084,vulkan,ready,28,299,4.737760106e-07,4.580963976e-07,0,0
strix,wide-fast-gpu-r1,13,steady,7800000,600000,10.061647,3.151537,0.00067,9.954032,29.302896,20.462571,2.661036,15.832542,0.613896,24.5963,106.57548,106.57548,6.331843,vulkan,ready,38,337,4.859122188e-07,1.745573106e-07,0,0
strix,wide-fast-gpu-r1,14,steady,8400000,600000,9.916143,3.039431,0.00043,8.247798,36.074292,21.613306,2.543851,15.464036,0.671984,24.147247,111.802375,111.802375,6.269036,vulkan,ready,28,365,5.083900492e-07,4.128033605e-07,0,0
strix,wide-fast-gpu-r1,15,steady,9000000,600000,9.901953,3.096759,0.0004,8.620284,36.297593,19.469899,2.58106,16.149699,0.706493,24.501073,111.42326,111.42326,6.445248,vulkan,ready,21,385,5.068351212e-07,2.72714141e-07,0,0
strix,wide-fast-gpu-r2,0,gpu_qualification,0,600000,13.535831,5.549374,0.00026,9.705021,32.962423,61.706721,2.644596,15.698848,0.044818,24.894058,153.206119,153.206119,4.657038,cpu,checking,19,19,0,0,0,0
strix,wide-fast-gpu-r2,1,gpu_qualification,600000,600000,9.506419,2.987483,0.00051,8.631653,32.28528,57.839252,2.658456,16.13755,0.067737,24.352319,144.96024,144.96024,4.401708,cpu,checking,23,42,0,0,0,0
strix,wide-fast-gpu-r2,2,gpu_qualification,1200000,600000,9.905573,2.999433,0.00035,8.518848,33.165905,54.82073,2.606518,15.860031,0.092316,24.231084,142.295215,142.295215,4.344091,cpu,ready,17,59,0,0,0,0
strix,wide-fast-gpu-r2,3,steady,1800000,600000,9.800008,3.047291,0.00033,8.583004,37.293494,21.046199,2.54249,15.552823,0.207322,24.32325,112.596203,112.596203,6.201808,vulkan,ready,19,77,4.7661543e-07,4.308220507e-07,0,0
strix,wide-fast-gpu-r2,4,steady,2400000,600000,9.843505,2.992433,0.00049,8.273367,32.060199,20.537358,2.55532,16.059183,0.199872,24.403648,107.08187,107.08187,6.278844,vulkan,ready,21,98,4.880415955e-07,4.576839916e-07,0,0
strix,wide-fast-gpu-r2,5,steady,3000000,600000,9.519868,3.058481,0.00039,8.519217,33.533611,20.411823,2.542751,15.493445,0.292738,24.194206,108.046662,108.046662,6.196888,vulkan,ready,23,121,4.918626239e-07,9.640692368e-07,0,0
strix,wide-fast-gpu-r2,6,steady,3600000,600000,9.351045,3.09354,0.000379,8.659212,33.012002,21.352496,2.605718,16.136321,0.327047,24.481434,109.668149,109.668149,6.471947,vulkan,ready,27,148,4.799594635e-07,5.832320995e-07,0,0
strix,wide-fast-gpu-r2,7,steady,4200000,600000,9.436361,3.053491,0.00024,8.525507,31.549799,21.058028,2.55962,16.016764,0.322138,24.517803,107.60339,107.60339,6.305464,vulkan,ready,29,177,4.974356477e-07,1.088106315e-06,0,0
strix,wide-fast-gpu-r2,8,steady,4800000,600000,10.042628,2.999443,0.00059,8.252278,33.140876,21.848367,2.566,15.637519,0.391505,24.510503,109.347081,109.347081,6.315464,vulkan,ready,11,188,4.964750076e-07,4.428587321e-07,0,0
strix,wide-fast-gpu-r2,9,steady,5400000,600000,10.161294,3.06748,0.00039,8.302486,34.082109,20.715712,2.55323,15.581442,0.407454,24.458485,109.168788,109.168788,6.282665,vulkan,ready,25,213,4.827017499e-07,2.955141456e-07,0,0
strix,wide-fast-gpu-r2,10,steady,6000000,600000,9.834096,3.155587,0.00035,8.746819,35.409837,19.265548,2.673566,16.254905,0.452962,25.562403,111.521977,111.521977,6.63961,vulkan,ready,28,241,4.650426723e-07,3.094098176e-07,0,0
strix,wide-fast-gpu-r2,11,steady,6600000,600000,9.770808,3.08335,0.00035,9.821086,35.519384,21.565018,2.617027,15.878871,0.512419,24.746304,113.743809,113.743809,6.41275,vulkan,ready,30,271,4.747715182e-07,4.735966983e-07,0,0
strix,wide-fast-gpu-r2,12,steady,7200000,600000,10.052418,3.027342,0.00037,8.18341,34.043521,21.160794,2.601898,15.750765,0.562898,24.582801,109.913799,109.913799,6.340942,vulkan,ready,28,299,4.737760106e-07,4.580963976e-07,0,0
strix,wide-fast-gpu-r2,13,steady,7800000,600000,9.580586,3.123778,0.00026,8.470889,31.569568,20.655703,2.618888,15.717547,0.605946,24.428186,107.190765,107.190765,6.305934,vulkan,ready,38,337,4.859122188e-07,1.745573106e-07,0,0
strix,wide-fast-gpu-r2,14,steady,8400000,600000,9.959812,3.040201,0.00036,9.298607,34.811151,21.146054,2.541601,15.515404,0.668254,24.212615,111.234247,111.234247,6.254386,vulkan,ready,28,365,5.083900492e-07,4.128033605e-07,0,0
strix,wide-fast-gpu-r2,15,steady,9000000,600000,10.059428,3.048751,0.0005,8.121942,32.608408,21.25555,2.54088,15.874011,0.704062,24.270093,108.424197,108.424197,6.254626,vulkan,ready,21,385,5.068351212e-07,2.72714141e-07,0,0
strix,wide-fast-cpu-r2,0,cold,0,600000,14.371059,5.717567,0.00037,9.47325,33.500452,38.251167,2.654896,16.363162,0.046178,24.779433,130.786475,130.786475,4.505094,cpu,selected,19,19,0,0,0,0
strix,wide-fast-cpu-r2,1,warmup,600000,600000,9.832017,3.032561,0.00038,8.806396,33.594739,38.168909,2.658977,16.719947,0.065247,25.013624,128.06078,128.06078,4.481575,cpu,selected,23,42,0,0,0,0
strix,wide-fast-cpu-r2,2,warmup,1200000,600000,9.567466,3.093769,0.00037,9.265349,36.156248,39.904482,2.673456,16.394289,0.095887,25.520633,133.104483,133.104483,4.535133,cpu,selected,17,59,0,0,0,0
strix,wide-fast-cpu-r2,3,steady,1800000,600000,9.665403,2.975364,0.00037,8.273487,36.194686,38.132402,2.648176,16.561304,0.187472,25.138079,130.11134,130.11134,4.460616,cpu,selected,19,77,0,0,0,0
strix,wide-fast-cpu-r2,4,steady,2400000,600000,9.906663,3.021452,0.00031,8.348284,33.148966,38.66504,2.608188,16.164639,0.175683,24.5953,126.727862,126.727862,4.413288,cpu,selected,21,98,0,0,0,0
strix,wide-fast-cpu-r2,5,steady,3000000,600000,9.703261,3.098849,0.00037,9.558817,36.514774,43.865728,2.655886,16.501006,0.279209,25.332901,137.80754,137.80754,4.496364,cpu,selected,23,121,0,0,0,0
strix,wide-fast-cpu-r2,6,steady,3600000,600000,9.858686,3.050071,0.000459,8.435541,32.826289,40.46899,2.690205,16.666599,0.310668,25.074741,129.523563,129.523563,4.525273,cpu,selected,27,148,0,0,0,0
strix,wide-fast-cpu-r2,7,steady,4200000,600000,9.917913,3.033862,0.00076,8.70643,33.720613,41.973542,2.608528,16.251076,0.294058,24.762853,131.351722,131.351722,4.475416,cpu,selected,29,177,0,0,0,0
strix,wide-fast-cpu-r2,8,steady,4800000,600000,9.842166,3.005573,0.00033,8.395912,31.166393,42.477522,2.615288,15.817022,0.360686,24.643308,128.482034,128.482034,4.432497,cpu,selected,11,188,0,0,0,0
strix,wide-fast-cpu-r2,9,steady,5400000,600000,9.916393,3.006413,0.0005,8.362933,31.159814,37.954348,2.599778,16.175029,0.388915,24.605039,124.252769,124.252769,4.434897,cpu,selected,25,213,0,0,0,0
strix,wide-fast-cpu-r2,10,steady,6000000,600000,9.73106,3.081489,0.00038,8.316006,31.214661,36.449177,2.552001,15.566512,0.422243,24.204765,121.807234,121.807234,4.383289,cpu,selected,28,241,0,0,0,0
strix,wide-fast-cpu-r2,11,steady,6600000,600000,9.928853,3.07443,0.000489,9.127074,35.209915,37.784445,2.55734,15.970147,0.479781,24.59048,128.794101,128.794101,4.383029,cpu,selected,30,271,0,0,0,0
strix,wide-fast-cpu-r2,12,steady,7200000,600000,9.402093,4.142688,0.00067,8.503728,33.781482,36.418878,2.55954,15.815552,0.52526,24.180956,125.928754,125.928754,4.403358,cpu,selected,28,299,0,0,0,0
strix,wide-fast-cpu-r2,13,steady,7800000,600000,9.73359,3.102549,0.00053,8.772368,33.846308,38.045955,2.582079,16.045274,0.595087,24.387768,127.377918,127.377918,4.419787,cpu,selected,38,337,0,0,0,0
strix,wide-fast-cpu-r2,14,steady,8400000,600000,10.102426,3.06777,0.00046,8.45353,33.269601,40.21096,2.598139,15.62266,0.628925,24.32802,128.180065,128.180065,4.411528,cpu,selected,28,365,0,0,0,0
strix,wide-fast-cpu-r2,15,steady,9000000,600000,9.976821,3.049161,0.00031,8.598304,33.657746,37.898551,2.587399,15.967126,0.680264,24.434946,126.873807,126.873807,4.413048,cpu,selected,21,385,0,0,0,0
strix,wide-upstream-cpu-r2,0,cold,0,600000,14.230845,5.715286,0.00035,9.432382,34.664797,46.288923,0.001019,19.99509,0.051308,27.314663,143.463818,143.463818,3.460285,cpu,upstream,19,19,0,0,0,0
strix,wide-upstream-cpu-r2,1,warmup,600000,600000,9.650173,2.693415,0.00051,9.521718,32.816539,43.831529,0.0009,20.140163,0.065458,27.472857,136.543089,136.543089,3.479924,cpu,upstream,23,42,0,0,0,0
strix,wide-upstream-cpu-r2,2,warmup,1200000,600000,9.46032,2.704035,0.0005,9.564746,33.920476,43.168845,0.00052,19.894833,0.090536,27.038205,136.382696,136.382696,3.427916,cpu,upstream,17,59,0,0,0,0
strix,wide-upstream-cpu-r2,3,steady,1800000,600000,9.71297,2.637237,0.00036,8.536717,28.030826,38.980938,0.00089,19.738939,0.182443,26.871171,124.979521,124.979521,3.389737,cpu,upstream,19,78,0,0,0,0
strix,wide-upstream-cpu-r2,4,steady,2400000,600000,9.143103,2.668806,0.00036,8.362653,32.582218,43.213743,0.00107,19.671072,0.184223,27.114142,133.798287,133.798287,3.473194,cpu,upstream,21,99,0,0,0,0
strix,wide-upstream-cpu-r2,5,steady,3000000,600000,9.758129,2.735343,0.0009,11.107137,29.912852,46.316072,0.00109,19.843065,0.288679,26.908439,137.113577,137.113577,3.386408,cpu,upstream,23,122,0,0,0,0
strix,wide-upstream-cpu-r2,6,steady,3600000,600000,9.756459,2.696685,0.00052,8.300616,34.187325,44.31177,0.00118,19.625524,0.303898,26.954548,136.382066,136.382066,3.446005,cpu,upstream,26,148,0,0,0,0
strix,wide-upstream-cpu-r2,7,steady,4200000,600000,9.811827,2.797671,0.00037,8.759498,32.735622,47.951358,0.00097,20.199201,0.340197,27.681059,140.465946,140.465946,3.516303,cpu,upstream,29,177,0,0,0,0
strix,wide-upstream-cpu-r2,8,steady,4800000,600000,9.904343,2.721194,0.00038,8.901543,33.324549,43.059699,0.0008,20.443412,0.347316,27.769916,136.568809,136.568809,3.533682,cpu,upstream,11,188,0,0,0,0
strix,wide-upstream-cpu-r2,9,steady,5400000,600000,9.884934,2.727773,0.00037,8.810846,31.349976,41.088576,0.00098,20.169183,0.395934,27.455549,131.999187,131.999187,3.483444,cpu,upstream,24,212,0,0,0,0
strix,wide-upstream-cpu-r2,10,steady,6000000,600000,9.823926,2.728904,0.00035,8.920511,30.469921,44.861668,0.00119,19.660413,0.415514,26.975117,134.033588,134.033588,3.444275,cpu,upstream,28,240,0,0,0,0
strix,wide-upstream-cpu-r2,11,steady,6600000,600000,9.808257,2.717244,0.00061,8.755098,29.906352,38.852224,0.00058,19.610294,0.489011,26.815753,127.147166,127.147166,3.432496,cpu,upstream,30,270,0,0,0,0
strix,wide-upstream-cpu-r2,12,steady,7200000,600000,9.994589,2.745253,0.00035,8.229009,32.203353,46.09598,0.00066,19.530458,0.539929,27.015775,136.360767,136.360767,3.566841,cpu,upstream,28,298,0,0,0,0
strix,wide-upstream-cpu-r2,13,steady,7800000,600000,10.086726,2.82051,0.0007,8.348954,30.152913,44.838079,0.00121,19.745109,0.582777,27.033385,133.523637,133.523637,3.453415,cpu,upstream,38,336,0,0,0,0
strix,wide-upstream-cpu-r2,14,steady,8400000,600000,10.390324,2.701525,0.00045,9.570786,31.885215,43.303349,0.00098,19.446371,0.640875,26.803074,134.352625,134.352625,3.434186,cpu,upstream,27,363,0,0,0,0
strix,wide-upstream-cpu-r2,15,steady,9000000,600000,10.011389,2.786321,0.00047,8.334325,32.698673,44.082589,0.0008,19.676792,0.680404,26.836932,135.097306,135.097306,3.420876,cpu,upstream,20,383,0,0,0,0
nvidia,standard-upstream-cpu-r1,0,cold,0,480000,43.187344,12.396042,0.00048,19.168115,86.124168,110.913554,0.00227,15.363679,0.056072,21.234484,265.258864,265.258864,0.757528,cpu,upstream,7,7,0,0,0,0
nvidia,standard-upstream-cpu-r1,1,warmup,480000,480000,18.939366,5.073163,0.000346,21.291444,93.987603,109.803053,0.001242,15.574064,0.058729,21.295024,267.084668,267.084668,0.806977,cpu,upstream,14,21,0,0,0,0
nvidia,standard-upstream-cpu-r1,2,warmup,960000,480000,19.212283,4.999541,0.000316,20.682701,86.363936,114.701897,0.001179,15.363353,0.060395,21.282614,263.455932,263.455932,0.765044,cpu,upstream,7,28,0,0,0,0
nvidia,standard-upstream-cpu-r1,3,steady,1440000,480000,19.319358,4.976425,0.000329,17.585152,92.131466,85.378232,0.00115,15.44565,0.077965,21.566512,237.162881,237.162881,0.79933,cpu,upstream,5,33,0,0,0,0
nvidia,standard-upstream-cpu-r1,4,steady,1920000,480000,18.966304,4.992272,0.000393,16.479672,100.073486,101.37137,0.000764,15.187332,0.084151,21.24788,259.43732,259.43732,0.773655,cpu,upstream,4,37,0,0,0,0
nvidia,standard-upstream-cpu-r1,5,steady,2400000,480000,19.072717,5.002394,0.000528,16.320713,101.887452,94.446639,0.001424,15.283807,0.098673,21.62777,254.6694,254.6694,0.769338,cpu,upstream,7,44,0,0,0,0
nvidia,standard-upstream-cpu-r1,6,steady,2880000,480000,20.579118,4.978568,0.000286,16.667784,97.414445,85.016545,0.001262,15.420452,0.131646,21.27919,240.910178,240.910178,0.772985,cpu,upstream,9,53,0,0,0,0
nvidia,standard-upstream-cpu-r1,7,steady,3360000,480000,18.956506,4.996677,0.000479,16.876957,100.206387,104.050006,0.00113,15.439689,0.13924,21.167984,262.878549,262.878549,0.779384,cpu,upstream,8,61,0,0,0,0
nvidia,standard-upstream-cpu-r1,8,steady,3840000,480000,19.43036,5.031137,0.000595,20.552409,91.367392,104.006513,0.000778,16.185776,0.172731,21.32235,258.639681,258.639681,0.77334,cpu,upstream,10,71,0,0,0,0
nvidia,standard-upstream-cpu-r1,9,steady,4320000,480000,19.286356,5.070697,0.000448,19.081176,97.953056,113.138722,0.00107,23.196439,0.200235,21.259248,279.901091,279.901091,0.768318,cpu,upstream,9,80,0,0,0,0
nvidia,standard-upstream-cpu-r1,10,steady,4800000,480000,19.271372,5.026261,0.000632,16.378018,101.232437,91.953539,0.000887,15.488204,0.214022,21.679612,251.973612,251.973612,0.829226,cpu,upstream,5,85,0,0,0,0
nvidia,standard-upstream-cpu-r1,11,steady,5280000,480000,19.799555,5.030284,0.000293,16.946133,88.690411,95.451922,0.001359,16.018258,0.230613,21.471017,243.84029,243.84029,0.794705,cpu,upstream,6,91,0,0,0,0
nvidia,standard-upstream-cpu-r1,12,steady,5760000,480000,19.388703,5.045736,0.000764,17.001064,96.019338,95.532951,0.001626,17.073607,0.267306,22.487656,253.430048,253.430048,0.785919,cpu,upstream,8,99,0,0,0,0
nvidia,standard-upstream-cpu-r1,13,steady,6240000,480000,21.071079,5.137296,0.000275,15.761715,89.049772,106.897488,0.001131,15.29535,0.306692,21.404422,253.854141,253.854141,0.74815,cpu,upstream,12,111,0,0,0,0
nvidia,standard-upstream-cpu-r1,14,steady,6720000,480000,19.147665,4.988591,0.0005,15.191741,95.048978,119.771242,0.00095,15.649182,0.338158,21.766399,272.755741,272.755741,0.77468,cpu,upstream,17,128,0,0,0,0
nvidia,standard-upstream-cpu-r1,15,steady,7200000,480000,23.379542,5.033768,0.000638,16.937373,98.441972,90.08164,0.00089,15.452282,0.356222,21.596024,247.900809,247.900809,0.775553,cpu,upstream,6,134,0,0,0,0
nvidia,standard-upstream-cpu-r1,16,steady,7680000,480000,25.359921,5.26054,0.000306,15.930797,86.027663,88.865786,0.000808,15.625376,0.393882,21.583015,233.688173,233.688173,0.766137,cpu,upstream,7,141,0,0,0,0
nvidia,standard-upstream-cpu-r1,17,steady,8160000,480000,18.893206,5.02957,0.000349,16.39026,83.596786,91.655528,0.00079,15.667567,0.427742,21.44121,234.209802,234.209802,0.797455,cpu,upstream,11,152,0,0,0,0
nvidia,standard-upstream-cpu-r1,18,steady,8640000,480000,19.291138,5.531096,0.000594,15.475452,114.360068,104.804993,0.001042,15.180792,0.452762,21.365094,277.171893,277.171893,0.738467,cpu,upstream,11,163,0,0,0,0
nvidia,standard-upstream-cpu-r1,19,steady,9120000,480000,17.943869,5.070917,0.000222,17.066921,90.806936,80.343634,0.000959,15.248997,0.5011,21.463442,230.503128,230.503128,0.746417,cpu,upstream,7,170,0,0,0,0
nvidia,standard-fast-cpu-r1,0,cold,0,480000,55.432791,12.776143,0.000348,20.584123,89.582916,93.444936,2.115228,14.580194,0.048853,19.519289,252.65203,252.65203,3.057802,cpu,selected,7,7,0,0,0,0
nvidia,standard-fast-cpu-r1,1,warmup,480000,480000,17.789943,5.793863,0.00025,15.842953,67.142253,81.166756,2.04967,13.14551,0.056696,19.501653,204.699604,204.699604,3.029344,cpu,selected,14,21,0,0,0,0
nvidia,standard-fast-cpu-r1,2,warmup,960000,480000,17.732149,5.748993,0.000338,16.923666,77.2847,94.227647,2.053286,16.115537,0.08431,21.09165,233.530127,233.530127,3.061487,cpu,selected,8,29,0,0,0,0
nvidia,standard-fast-cpu-r1,3,steady,1440000,480000,18.356949,5.948403,0.000375,17.338177,95.333019,80.319782,2.365136,13.370576,0.076904,20.858928,235.6113,235.6113,3.084221,cpu,selected,5,34,0,0,0,0
nvidia,standard-fast-cpu-r1,4,steady,1920000,480000,17.935536,5.755734,0.000312,15.704253,64.888146,75.774921,2.05546,13.22489,0.087567,19.727625,197.218908,197.218908,3.062901,cpu,selected,4,38,0,0,0,0
nvidia,standard-fast-cpu-r1,5,steady,2400000,480000,18.005991,5.738066,0.000343,16.412032,93.355513,76.599255,2.058491,13.235978,0.103961,19.553412,227.057051,227.057051,3.073473,cpu,selected,7,45,0,0,0,0
nvidia,standard-fast-cpu-r1,6,steady,2880000,480000,18.141236,5.678093,0.000398,15.561536,97.462095,88.033345,2.102946,13.941731,0.155748,21.884594,244.820486,244.820486,3.088181,cpu,selected,9,54,0,0,0,0
nvidia,standard-fast-cpu-r1,7,steady,3360000,480000,17.901863,5.807425,0.0005,15.7043,80.096312,83.283269,2.079208,13.773432,0.13791,19.95001,220.832366,220.832366,3.083313,cpu,selected,8,62,0,0,0,0
nvidia,standard-fast-cpu-r1,8,steady,3840000,480000,18.28049,6.412363,0.000506,17.554512,85.475105,76.530694,2.069662,13.344356,0.161491,20.204507,221.753196,221.753196,3.058173,cpu,selected,10,71,0,0,0,0
nvidia,standard-fast-cpu-r1,9,steady,4320000,480000,17.843218,5.722814,0.000329,16.459202,68.995633,80.73717,2.09666,13.454998,0.189363,19.793748,207.449917,207.449917,3.265265,cpu,selected,9,80,0,0,0,0
nvidia,standard-fast-cpu-r1,10,steady,4800000,480000,18.552815,5.706129,0.000329,15.296893,63.729325,72.957317,2.060883,13.557591,0.206944,24.007497,197.522908,197.522908,4.390094,cpu,selected,5,85,0,0,0,0
nvidia,standard-fast-cpu-r1,11,steady,5280000,480000,21.139671,5.960031,0.000458,16.854392,96.065781,95.798969,2.172908,14.153648,0.215923,20.012677,251.234787,251.234787,3.406793,cpu,selected,6,91,0,0,0,0
nvidia,standard-fast-cpu-r1,12,steady,5760000,480000,18.031671,6.387449,0.00049,18.288773,66.016969,76.141164,2.064784,13.222172,0.255104,19.596782,201.973687,201.973687,3.064121,cpu,selected,8,99,0,0,0,0
nvidia,standard-fast-cpu-r1,13,steady,6240000,480000,18.263948,5.644674,0.000267,16.933074,66.850698,81.464282,2.086079,13.488279,0.282004,19.740632,206.489989,206.489989,3.105671,cpu,selected,12,111,0,0,0,0
nvidia,standard-fast-cpu-r1,14,steady,6720000,480000,18.550099,6.116651,0.000498,17.855669,93.560447,82.780553,2.096474,18.77927,0.356293,20.219823,241.765678,241.765678,3.104134,cpu,selected,17,128,0,0,0,0
nvidia,standard-fast-cpu-r1,15,steady,7200000,480000,18.239995,5.818216,0.000547,15.075668,71.264911,72.525743,2.11264,13.695158,0.400959,22.839182,203.733024,203.733024,3.171138,cpu,selected,6,134,0,0,0,0
nvidia,standard-fast-cpu-r1,16,steady,7680000,480000,18.489246,5.778561,0.000325,14.945649,69.178168,87.508267,2.044401,13.557841,0.398756,19.739502,213.15147,213.15147,3.05127,cpu,selected,7,141,0,0,0,0
nvidia,standard-fast-cpu-r1,17,steady,8160000,480000,17.966429,5.906207,0.000436,15.209654,65.458642,75.396965,2.0776,14.584565,0.523532,22.713248,201.870849,201.870849,3.576888,cpu,selected,13,154,0,0,0,0
nvidia,standard-fast-cpu-r1,18,steady,8640000,480000,19.51917,5.832048,0.000259,15.156708,64.483112,74.414777,2.052596,13.188277,0.456979,19.48176,195.066516,195.066516,3.059949,cpu,selected,11,165,0,0,0,0
nvidia,standard-fast-cpu-r1,19,steady,9120000,480000,17.867656,5.822546,0.000423,17.380369,80.193795,95.457674,2.072767,13.383328,0.515612,19.697737,234.524251,234.524251,3.085356,cpu,selected,7,172,0,0,0,0
nvidia,standard-fast-gpu-r1,0,gpu_qualification,0,480000,37.858955,12.170444,0.000447,21.36058,81.024319,109.900151,2.088397,13.477167,0.050209,19.651564,259.723278,259.723278,3.088381,cpu,checking,7,7,0,0,0,0
nvidia,standard-fast-gpu-r1,1,gpu_qualification,480000,480000,17.815838,5.758706,0.000565,19.000805,77.117736,95.682203,2.059794,14.137977,0.080793,23.573772,237.412351,237.412351,3.067962,cpu,checking,14,21,0,0,0,0
nvidia,standard-fast-gpu-r1,2,gpu_qualification,960000,480000,17.820349,5.705876,0.000389,15.880156,78.640769,117.220739,2.08542,13.347618,0.059711,19.511107,252.451785,252.451785,3.076884,cpu,ready,8,29,0,0,0,0
nvidia,standard-fast-gpu-r1,3,steady,1440000,480000,18.10799,5.979626,0.000322,16.379222,93.266728,20.708299,2.083154,13.581082,0.082743,19.723411,171.804587,171.804587,4.202572,vulkan,ready,5,34,1.181722112e-06,1.195871149e-06,0,0
nvidia,standard-fast-gpu-r1,4,steady,1920000,480000,18.138154,5.843836,0.000487,15.585793,84.546117,20.146999,2.084254,13.2497,0.091223,19.55095,161.099359,161.099359,4.244454,vulkan,ready,4,38,1.173898658e-06,1.037670878e-06,0,0
nvidia,standard-fast-gpu-r1,5,steady,2400000,480000,20.626584,6.877183,0.000471,15.298216,65.212975,21.406568,2.995871,15.43551,0.112401,19.616278,146.955473,146.955473,4.195956,vulkan,ready,7,45,1.178348264e-06,9.929427593e-07,0,0
nvidia,standard-fast-gpu-r1,6,steady,2880000,480000,21.452918,6.969718,0.000292,17.232222,72.260425,20.730352,2.067615,13.457066,0.13095,19.483876,152.332516,152.332516,4.105065,vulkan,ready,9,54,1.186711666e-06,8.857500895e-07,0,0
nvidia,standard-fast-gpu-r1,7,steady,3360000,480000,17.928285,5.781246,0.000248,16.13152,86.348262,19.600534,2.050223,13.816763,0.13771,19.572292,163.438798,163.438798,4.149119,vulkan,ready,8,62,1.188937556e-06,8.415359925e-07,0,0
nvidia,standard-fast-gpu-r1,8,steady,3840000,480000,17.819814,5.78734,0.000467,15.95852,84.043048,21.043637,2.08529,18.211126,0.242275,27.463284,174.834987,174.834987,5.235343,vulkan,ready,10,71,1.193423571e-06,1.118507494e-06,0,0
nvidia,standard-fast-gpu-r1,9,steady,4320000,480000,21.548084,6.917637,0.000377,15.602109,71.081184,23.320946,2.426308,13.698357,0.198115,19.50537,152.750403,152.750403,4.191907,vulkan,ready,9,80,1.205254163e-06,8.968657553e-07,0,0
nvidia,standard-fast-gpu-r1,10,steady,4800000,480000,21.16569,6.171396,0.000416,15.955397,66.698164,25.406113,2.819118,15.563372,0.213561,19.888152,152.715689,152.715689,4.118038,vulkan,ready,5,85,1.20877148e-06,1.097636023e-06,0,0
nvidia,standard-fast-gpu-r1,11,steady,5280000,480000,18.080014,5.726124,0.000542,16.893738,66.446809,21.496789,2.219806,13.321578,0.22013,19.698827,146.024343,146.024343,4.128926,vulkan,ready,6,91,1.196016414e-06,1.13587611e-06,0,0
nvidia,standard-fast-gpu-r1,12,steady,5760000,480000,17.910313,5.755694,0.000512,15.359323,68.535829,21.907668,2.108854,13.405809,0.24966,19.699632,147.022981,147.022981,4.368918,vulkan,ready,8,99,1.17532454e-06,8.86302164e-07,0,0
nvidia,standard-fast-gpu-r1,13,steady,6240000,480000,20.456545,5.89714,0.000308,16.810051,78.412818,21.3705,2.097755,13.218982,0.341976,19.670997,157.820527,157.820527,4.187562,vulkan,ready,12,111,1.189702402e-06,1.113927842e-06,0,0
nvidia,standard-fast-gpu-r1,14,steady,6720000,480000,20.371156,5.932054,0.000398,15.488989,90.641265,22.452022,2.092906,13.318489,0.343866,19.685208,169.955197,169.955197,4.216306,vulkan,ready,17,128,1.188536498e-06,1.078195718e-06,0,0
nvidia,standard-fast-gpu-r1,15,steady,7200000,480000,17.955071,5.819191,0.000289,16.096983,83.208032,21.014169,2.101639,13.221972,0.389018,19.60918,161.460473,161.460473,4.197161,vulkan,ready,6,134,1.186811749e-06,9.587386864e-07,0,0
nvidia,standard-fast-gpu-r1,16,steady,7680000,480000,18.632446,5.747324,0.000347,15.21367,98.78235,28.133671,2.894054,14.939656,0.421898,21.001441,187.134411,187.134411,4.116511,vulkan,ready,7,141,1.166948973e-06,9.23431014e-07,0,0
nvidia,standard-fast-gpu-r1,17,steady,8160000,480000,18.028063,5.802372,0.000551,17.293443,109.638374,25.618632,2.103622,13.6397,0.433629,23.024913,197.555236,197.555236,4.330037,vulkan,ready,13,154,1.185263895e-06,1.01729353e-06,0,0
nvidia,standard-fast-gpu-r1,18,steady,8640000,480000,17.882197,6.859685,0.0004,18.699054,91.660161,24.82099,2.097156,13.190143,0.470647,19.606836,177.405072,177.405072,4.200214,vulkan,ready,11,165,1.199240005e-06,1.071900074e-06,0,0
nvidia,standard-fast-gpu-r1,19,steady,9120000,480000,20.312767,5.765635,0.00039,15.563742,101.49052,30.007504,2.92762,14.674453,0.483205,19.576295,190.489364,190.489364,4.115298,vulkan,ready,7,172,1.190711288e-06,1.011784739e-06,0,0
nvidia,standard-fast-gpu-r2,0,gpu_qualification,0,480000,41.217362,12.000027,0.000599,20.345337,82.565497,106.119603,2.039514,13.076098,0.041441,19.500086,255.688202,255.688202,3.068044,cpu,checking,7,7,0,0,0,0
nvidia,standard-fast-gpu-r2,1,gpu_qualification,480000,480000,17.813445,5.804189,0.00049,19.29208,66.966519,102.769011,2.039912,13.418772,0.060757,19.689498,230.041228,230.041228,3.250462,cpu,checking,14,21,0,0,0,0
nvidia,standard-fast-gpu-r2,2,gpu_qualification,960000,480000,17.945345,5.680746,0.000334,15.894663,84.470343,95.584534,2.078974,13.34881,0.061848,24.221052,241.341304,241.341304,3.042979,cpu,ready,8,29,0,0,0,0
nvidia,standard-fast-gpu-r2,3,steady,1440000,480000,18.197042,5.766642,0.000732,15.404485,66.251901,23.486827,3.063496,18.175967,0.108593,21.319562,153.578205,153.578205,4.120636,vulkan,ready,5,34,1.181722112e-06,1.195871149e-06,0,0
nvidia,standard-fast-gpu-r2,4,steady,1920000,480000,17.80897,5.678769,0.000458,15.898301,80.172656,19.30079,2.156567,13.862328,0.087203,19.663673,156.820745,156.820745,4.364234,vulkan,ready,4,38,1.173898658e-06,1.037670878e-06,0,0
nvidia,standard-fast-gpu-r2,5,steady,2400000,480000,17.998043,5.67234,0.000467,15.778071,79.600878,18.616183,2.040638,13.440731,0.107767,19.501142,154.758217,154.758217,4.115051,vulkan,ready,7,45,1.178348264e-06,9.929427593e-07,0,0
nvidia,standard-fast-gpu-r2,6,steady,2880000,480000,18.225261,5.714353,0.000463,15.595215,66.056165,20.260799,2.097413,13.386709,0.132192,19.574327,142.817636,142.817636,4.194608,vulkan,ready,9,54,1.186711666e-06,8.857500895e-07,0,0
nvidia,standard-fast-gpu-r2,7,steady,3360000,480000,21.024936,6.95363,0.000289,16.260928,65.897674,24.057369,2.836013,18.419562,0.15604,20.082995,154.6645,154.6645,4.113827,vulkan,ready,8,62,1.188937556e-06,8.415359925e-07,0,0
nvidia,standard-fast-gpu-r2,8,steady,3840000,480000,19.371375,5.722738,0.000736,17.281055,88.443658,19.743162,2.061652,13.391214,0.175178,19.717485,166.536878,166.536878,4.134122,vulkan,ready,10,71,1.193423571e-06,1.118507494e-06,0,0
nvidia,standard-fast-gpu-r2,9,steady,4320000,480000,18.00891,5.840022,0.000371,15.979263,85.954136,19.017414,2.077151,13.422445,0.185021,19.830904,162.306727,162.306727,4.130108,vulkan,ready,9,80,1.205254163e-06,8.968657553e-07,0,0
nvidia,standard-fast-gpu-r2,10,steady,4800000,480000,18.257648,5.824455,0.000677,17.27179,94.04316,19.451027,2.075695,13.516224,0.210565,19.665139,172.058732,172.058732,4.193105,vulkan,ready,5,85,1.20877148e-06,1.097636023e-06,0,0
nvidia,standard-fast-gpu-r2,11,steady,5280000,480000,20.789775,7.049098,0.00037,16.150473,88.259531,19.57481,2.205911,13.928976,0.226219,19.653134,167.048522,167.048522,4.143018,vulkan,ready,6,91,1.196016414e-06,1.13587611e-06,0,0
nvidia,standard-fast-gpu-r2,12,steady,5760000,480000,17.865244,5.741355,0.00065,15.364604,64.476976,19.406909,2.78935,17.168947,0.293934,19.969616,145.212341,145.212341,4.228532,vulkan,ready,8,99,1.17532454e-06,8.86302164e-07,0,0
nvidia,standard-fast-gpu-r2,13,steady,6240000,480000,18.550454,5.978122,0.00062,15.36643,76.401495,20.742231,2.8874,14.625387,0.296787,22.808396,159.106868,159.106868,5.327186,vulkan,ready,12,111,1.189702402e-06,1.113927842e-06,0,0
nvidia,standard-fast-gpu-r2,14,steady,6720000,480000,22.630473,5.879504,0.00057,16.570873,81.969369,20.441643,2.130279,13.458291,0.340313,19.612417,160.403259,160.403259,4.150785,vulkan,ready,17,128,1.188536498e-06,1.078195718e-06,0,0
nvidia,standard-fast-gpu-r2,15,steady,7200000,480000,17.787226,5.702997,0.000418,14.999004,63.788797,22.692099,2.979762,15.718591,0.372999,19.982556,146.237223,146.237223,4.136534,vulkan,ready,6,134,1.186811749e-06,9.587386864e-07,0,0
nvidia,standard-fast-gpu-r2,16,steady,7680000,480000,27.922843,6.402833,0.000756,16.860469,82.586274,24.550943,2.093464,14.961162,0.465935,26.844763,174.766599,174.766599,4.276452,vulkan,ready,7,141,1.166948973e-06,9.23431014e-07,0,0
nvidia,standard-fast-gpu-r2,17,steady,8160000,480000,18.128182,5.777414,0.000793,15.432747,72.081628,29.207084,2.843189,16.038435,0.455154,19.616601,161.453045,161.453045,4.202434,vulkan,ready,13,154,1.185263895e-06,1.01729353e-06,0,0
nvidia,standard-fast-gpu-r2,18,steady,8640000,480000,21.24822,6.922714,0.000223,16.27197,70.911235,27.498035,2.410217,13.286367,0.465858,19.63533,157.401949,157.401949,4.099345,vulkan,ready,11,165,1.199240005e-06,1.071900074e-06,0,0
nvidia,standard-fast-gpu-r2,19,steady,9120000,480000,21.918923,6.158597,0.000893,18.35613,87.595319,24.188699,2.096663,13.222405,0.527565,19.622985,171.769256,171.769256,4.230592,vulkan,ready,7,172,1.190711288e-06,1.011784739e-06,0,0
nvidia,standard-fast-cpu-r2,0,cold,0,480000,44.310822,13.3393,0.000541,21.22174,89.4855,84.062898,2.048086,13.384909,0.044955,19.547875,243.135804,243.135804,3.044451,cpu,selected,7,7,0,0,0,0
nvidia,standard-fast-cpu-r2,1,warmup,480000,480000,17.728931,5.733282,0.000259,16.364547,75.735887,92.626712,2.042257,13.255978,0.056178,19.616709,225.431809,225.431809,3.05774,cpu,selected,14,21,0,0,0,0
nvidia,standard-fast-cpu-r2,2,warmup,960000,480000,17.691315,5.707974,0.000412,15.921536,64.907115,71.039327,2.035915,13.311998,0.060746,19.586692,192.571715,192.571715,3.035444,cpu,selected,8,29,0,0,0,0
nvidia,standard-fast-cpu-r2,3,steady,1440000,480000,18.156976,5.729586,0.000508,15.478767,84.148896,88.851912,2.149788,15.068169,0.074747,21.956726,233.459099,233.459099,3.109291,cpu,selected,5,34,0,0,0,0
nvidia,standard-fast-cpu-r2,4,steady,1920000,480000,18.01563,5.881408,0.000412,15.534837,94.065825,95.299062,2.063238,13.171683,0.086792,19.520225,245.623482,245.623482,3.05204,cpu,selected,4,38,0,0,0,0
nvidia,standard-fast-cpu-r2,5,steady,2400000,480000,17.799586,5.703397,0.000336,16.964354,80.559802,85.45633,2.085376,13.422147,0.103447,19.505365,223.800554,223.800554,3.058324,cpu,selected,7,45,0,0,0,0
nvidia,standard-fast-cpu-r2,6,steady,2880000,480000,18.715662,5.932051,0.000181,16.24628,91.716959,80.178929,2.094606,13.40124,0.131288,19.837112,229.538646,229.538646,3.056476,cpu,selected,9,54,0,0,0,0
nvidia,standard-fast-cpu-r2,7,steady,3360000,480000,17.843842,5.77909,0.000314,16.617225,90.824282,91.582022,2.14004,13.925523,0.134307,19.964508,240.967311,240.967311,3.222791,cpu,selected,8,62,0,0,0,0
nvidia,standard-fast-cpu-r2,8,steady,3840000,480000,18.215327,5.804975,0.000365,16.696816,80.519781,73.723412,2.135972,13.221408,0.154836,19.528027,211.785592,211.785592,3.068906,cpu,selected,10,71,0,0,0,0
nvidia,standard-fast-cpu-r2,9,steady,4320000,480000,17.859717,5.782917,0.000477,15.256691,67.399958,104.001048,2.069075,13.600798,0.19017,19.504191,227.805325,227.805325,3.066353,cpu,selected,9,80,0,0,0,0
nvidia,standard-fast-cpu-r2,10,steady,4800000,480000,18.059978,5.738047,0.000519,16.807692,70.907604,84.490674,2.045805,13.374964,0.203717,19.564358,213.13338,213.13338,3.073371,cpu,selected,5,85,0,0,0,0
nvidia,standard-fast-cpu-r2,11,steady,5280000,480000,17.813345,5.806345,0.000327,16.906892,103.49322,81.293258,2.103564,13.236411,0.226728,19.593566,242.660311,242.660311,3.066321,cpu,selected,6,91,0,0,0,0
nvidia,standard-fast-cpu-r2,12,steady,5760000,480000,17.812991,5.783972,0.00033,16.025929,69.070332,88.835625,2.068866,13.201753,0.233547,19.580464,214.800818,214.800818,3.071558,cpu,selected,8,99,0,0,0,0
nvidia,standard-fast-cpu-r2,13,steady,6240000,480000,18.216841,5.838589,0.000256,14.90492,65.903787,94.091946,2.082754,13.390498,0.297704,19.918591,216.429045,216.429045,3.12924,cpu,selected,12,111,0,0,0,0
nvidia,standard-fast-cpu-r2,14,steady,6720000,480000,18.079679,5.872527,0.000507,19.150027,89.295623,119.18331,2.09796,13.592641,0.350512,19.504155,269.047262,269.047262,3.074198,cpu,selected,17,128,0,0,0,0
nvidia,standard-fast-cpu-r2,15,steady,7200000,480000,17.860055,6.002626,0.000395,19.273907,63.610429,74.417424,2.047604,13.165371,0.36126,19.723561,198.602577,198.602577,3.065107,cpu,selected,6,134,0,0,0,0
nvidia,standard-fast-cpu-r2,16,steady,7680000,480000,18.227353,5.718837,0.000353,15.734533,69.269895,72.2749,2.042319,13.260995,0.389882,19.599014,198.290728,198.290728,3.060979,cpu,selected,7,141,0,0,0,0
nvidia,standard-fast-cpu-r2,17,steady,8160000,480000,17.814907,5.770471,0.000312,17.265405,67.403534,84.892612,2.059253,13.158871,0.436481,19.520139,210.507078,210.507078,3.099161,cpu,selected,13,154,0,0,0,0
nvidia,standard-fast-cpu-r2,18,steady,8640000,480000,17.860219,5.778678,0.000334,15.8523,71.360485,80.410207,2.058819,13.292222,0.468784,19.504284,208.726113,208.726113,3.068065,cpu,selected,11,165,0,0,0,0
nvidia,standard-fast-cpu-r2,19,steady,9120000,480000,17.964137,5.750804,0.000601,15.560799,72.145586,78.687065,2.03198,13.532024,0.490802,21.537437,209.737098,209.737098,4.49595,cpu,selected,7,172,0,0,0,0
nvidia,standard-upstream-cpu-r2,0,cold,0,480000,57.038837,20.221654,0.001248,30.19736,87.240414,107.404043,0.001217,22.010643,0.055624,26.206051,293.338254,293.338254,3.074939,cpu,upstream,7,7,0,0,0,0
nvidia,standard-upstream-cpu-r2,1,warmup,480000,480000,22.060997,7.560645,0.000575,21.970598,95.628167,89.929893,0.000809,15.811827,0.056976,21.531124,252.490614,252.490614,2.221163,cpu,upstream,14,21,0,0,0,0
nvidia,standard-upstream-cpu-r2,2,warmup,960000,480000,17.777205,5.017538,0.000308,15.837285,93.132381,91.600187,0.000963,15.884318,0.060747,21.527489,243.061216,243.061216,2.230135,cpu,upstream,7,28,0,0,0,0
nvidia,standard-upstream-cpu-r2,3,steady,1440000,480000,18.044962,5.018509,0.000639,16.752374,79.016853,108.396404,0.001117,17.493914,0.080165,21.238911,247.998886,247.998886,2.228393,cpu,upstream,5,33,0,0,0,0
nvidia,standard-upstream-cpu-r2,4,steady,1920000,480000,17.855838,5.039485,0.000357,15.458021,90.634932,102.13997,0.000996,15.601089,0.083189,21.72137,250.679409,250.679409,2.24289,cpu,upstream,4,37,0,0,0,0
nvidia,standard-upstream-cpu-r2,5,steady,2400000,480000,19.493836,7.025912,0.000855,17.098108,75.901342,78.694034,0.001063,15.666596,0.102081,21.140311,215.630302,215.630302,2.221811,cpu,upstream,7,44,0,0,0,0
nvidia,standard-upstream-cpu-r2,6,steady,2880000,480000,18.141687,4.952279,0.00033,15.805276,67.762002,76.625305,0.000922,15.879345,0.142583,21.278613,202.446655,202.446655,2.184867,cpu,upstream,9,53,0,0,0,0
nvidia,standard-upstream-cpu-r2,7,steady,3360000,480000,17.849165,5.000048,0.000483,15.931954,76.641044,73.668722,0.000937,15.666801,0.127305,21.22627,208.263564,208.263564,2.238376,cpu,upstream,8,61,0,0,0,0
nvidia,standard-upstream-cpu-r2,8,steady,3840000,480000,17.712211,5.034878,0.000178,15.994741,88.960314,88.624741,0.001094,16.853395,0.170153,21.24599,236.885484,236.885484,2.300996,cpu,upstream,10,71,0,0,0,0
nvidia,standard-upstream-cpu-r2,9,steady,4320000,480000,18.039225,4.984773,0.000311,15.317842,77.215496,75.854825,0.001009,15.535152,0.192347,21.31545,210.417205,210.417205,2.229634,cpu,upstream,9,80,0,0,0,0
nvidia,standard-upstream-cpu-r2,10,steady,4800000,480000,18.213568,4.950779,0.000462,17.656072,64.843754,100.708343,0.001013,15.875747,0.198473,21.278759,225.513402,225.513402,2.199832,cpu,upstream,5,85,0,0,0,0
nvidia,standard-upstream-cpu-r2,11,steady,5280000,480000,17.754985,5.044953,0.000268,16.310966,70.065986,82.650086,0.00108,15.630977,0.231048,21.338773,211.274137,211.274137,2.240146,cpu,upstream,6,91,0,0,0,0
nvidia,standard-upstream-cpu-r2,12,steady,5760000,480000,17.713448,4.989902,0.000484,15.27104,69.060766,73.875777,0.000898,17.887863,0.525766,27.157682,208.770178,208.770178,2.249339,cpu,upstream,8,99,0,0,0,0
nvidia,standard-upstream-cpu-r2,13,steady,6240000,480000,18.285195,5.434449,0.000556,15.293369,66.686484,75.102962,0.000923,15.631576,0.306382,21.399757,199.856458,199.856458,2.230402,cpu,upstream,12,111,0,0,0,0
nvidia,standard-upstream-cpu-r2,14,steady,6720000,480000,17.845117,4.99019,0.000341,16.436602,94.636865,87.680358,0.000943,15.768964,0.345305,21.447394,241.306962,241.306962,2.261272,cpu,upstream,17,128,0,0,0,0
nvidia,standard-upstream-cpu-r2,15,steady,7200000,480000,18.190801,5.393754,0.000373,16.958029,81.120433,85.128907,0.000846,15.47337,0.363339,21.288949,225.728,225.728,2.229251,cpu,upstream,6,134,0,0,0,0
nvidia,standard-upstream-cpu-r2,16,steady,7680000,480000,18.240439,5.008636,0.000307,15.98982,70.692214,86.638972,0.001071,15.498164,0.385909,21.314862,215.529955,215.529955,2.24063,cpu,upstream,7,141,0,0,0,0
nvidia,standard-upstream-cpu-r2,17,steady,8160000,480000,17.783931,5.034295,0.000401,18.399643,95.728073,85.550456,0.001103,15.603991,0.426965,21.326923,242.07185,242.07185,2.262477,cpu,upstream,11,152,0,0,0,0
nvidia,standard-upstream-cpu-r2,18,steady,8640000,480000,17.904414,5.035296,0.000283,15.076508,84.833565,94.292767,0.001166,15.699073,0.54211,21.261775,236.742543,236.742543,2.253612,cpu,upstream,11,163,0,0,0,0
nvidia,standard-upstream-cpu-r2,19,steady,9120000,480000,17.951519,5.02685,0.000217,16.071518,97.973857,91.800355,0.001221,15.66154,0.474712,21.453242,248.463512,248.463512,2.252178,cpu,upstream,7,170,0,0,0,0
nvidia,wide-upstream-cpu-r1,0,cold,0,600000,42.155929,16.372424,0.000708,31.932879,106.081324,136.881106,0.000986,51.061948,0.0687,68.381152,410.781227,410.781227,2.270823,cpu,upstream,19,19,0,0,0,0
nvidia,wide-upstream-cpu-r1,1,warmup,600000,600000,26.457782,7.792289,0.000407,26.86528,99.574731,124.163528,0.001743,48.188971,0.088514,65.255755,371.931218,371.931218,2.214454,cpu,upstream,23,42,0,0,0,0
nvidia,wide-upstream-cpu-r1,2,warmup,1200000,600000,22.139802,6.184071,0.000376,24.38286,119.83241,141.375932,0.000949,47.704535,0.105532,66.02635,405.613015,405.613015,2.377541,cpu,upstream,17,59,0,0,0,0
nvidia,wide-upstream-cpu-r1,3,steady,1800000,600000,22.524794,6.168045,0.000415,24.057375,90.457016,131.433459,0.001229,47.852098,0.164129,67.123181,367.256947,367.256947,2.354424,cpu,upstream,19,78,0,0,0,0
nvidia,wide-upstream-cpu-r1,4,steady,2400000,600000,22.686492,6.364889,0.000429,24.207937,85.867119,114.436908,0.001239,48.939193,0.201579,70.136876,350.156169,350.156169,2.332628,cpu,upstream,21,99,0,0,0,0
nvidia,wide-upstream-cpu-r1,5,steady,3000000,600000,22.418623,6.226763,0.000435,22.956449,115.110718,121.083058,0.000918,47.846622,0.260117,65.880413,379.365493,379.365493,2.719687,cpu,upstream,23,122,0,0,0,0
nvidia,wide-upstream-cpu-r1,6,steady,3600000,600000,22.752377,6.432524,0.000455,22.990352,99.871581,148.690755,0.002115,47.492528,0.326259,65.552451,391.35902,391.35902,2.318101,cpu,upstream,26,148,0,0,0,0
nvidia,wide-upstream-cpu-r1,7,steady,4200000,600000,22.421673,6.21852,0.000433,25.258962,107.150897,122.386851,0.001111,47.427196,0.316255,66.070057,374.830282,374.830282,2.796265,cpu,upstream,29,177,0,0,0,0
nvidia,wide-upstream-cpu-r1,8,steady,4800000,600000,22.566253,6.219475,0.000409,22.901266,86.090855,129.120315,0.000911,47.586832,0.3583,66.728941,359.007304,359.007304,2.349147,cpu,upstream,11,188,0,0,0,0
nvidia,wide-upstream-cpu-r1,9,steady,5400000,600000,25.727821,6.195944,0.000484,24.225324,116.984049,118.589944,0.001177,47.929426,0.43569,65.460291,379.822329,379.822329,2.308232,cpu,upstream,24,212,0,0,0,0
nvidia,wide-upstream-cpu-r1,10,steady,6000000,600000,22.268298,6.3018,0.00038,23.111884,103.804848,154.429053,0.00107,48.825298,0.483776,66.352625,403.310734,403.310734,2.303361,cpu,upstream,28,240,0,0,0,0
nvidia,wide-upstream-cpu-r1,11,steady,6600000,600000,23.172053,6.273542,0.000391,24.911842,97.719623,118.951916,0.002387,48.932896,0.570669,65.530012,362.893278,362.893278,2.328339,cpu,upstream,30,270,0,0,0,0
nvidia,wide-upstream-cpu-r1,12,steady,7200000,600000,23.590033,6.28537,0.000486,23.151542,116.081057,182.655758,0.001539,48.082047,0.613654,65.40556,442.277013,442.277013,2.332619,cpu,upstream,28,298,0,0,0,0
nvidia,wide-upstream-cpu-r1,13,steady,7800000,600000,22.361375,6.292343,0.000564,22.488496,85.426001,159.014311,0.001207,49.267381,0.756206,72.838031,396.08454,396.08454,2.269119,cpu,upstream,38,336,0,0,0,0
nvidia,wide-upstream-cpu-r1,14,steady,8400000,600000,22.789602,6.279067,0.000719,25.037212,108.141132,130.718629,0.000888,47.584477,0.784597,65.513979,384.0607,384.0607,2.349945,cpu,upstream,27,363,0,0,0,0
nvidia,wide-upstream-cpu-r1,15,steady,9000000,600000,22.352237,6.25,0.000523,24.984788,93.692609,120.829519,0.001002,47.977868,0.844241,74.108917,368.689467,368.689467,2.963477,cpu,upstream,20,383,0,0,0,0
nvidia,wide-fast-cpu-r1,0,cold,0,600000,41.705714,13.86495,0.000255,28.541218,101.325608,131.164043,6.546766,41.958259,0.068706,60.220875,383.69068,383.69068,9.623957,cpu,selected,19,19,0,0,0,0
nvidia,wide-fast-cpu-r1,1,warmup,600000,600000,22.734391,7.341273,0.000454,23.286777,98.510643,134.819443,6.419762,41.204211,0.087488,60.400023,372.070074,372.070074,9.542126,cpu,selected,23,42,0,0,0,0
nvidia,wide-fast-cpu-r1,2,warmup,1200000,600000,22.12238,7.123145,0.0004,23.364357,84.586673,128.575781,6.620977,41.300184,0.116499,60.287823,351.975839,351.975839,9.619654,cpu,selected,17,59,0,0,0,0
nvidia,wide-fast-cpu-r1,3,steady,1800000,600000,22.463366,7.071948,0.000396,23.465855,86.179596,114.950372,6.464487,41.811284,0.174803,60.713597,340.832338,340.832338,9.665344,cpu,selected,19,77,0,0,0,0
nvidia,wide-fast-cpu-r1,4,steady,2400000,600000,22.768455,7.889371,0.000676,27.224557,101.570041,129.565398,6.631098,41.611845,0.19718,60.840119,375.530285,375.530285,9.533827,cpu,selected,21,98,0,0,0,0
nvidia,wide-fast-cpu-r1,5,steady,3000000,600000,22.467359,7.130048,0.000319,23.299182,114.842291,134.423301,6.631129,42.839389,0.275267,63.577214,393.01814,393.01814,9.699564,cpu,selected,23,121,0,0,0,0
nvidia,wide-fast-cpu-r1,6,steady,3600000,600000,22.711691,7.332676,0.000371,23.076041,97.508262,111.949436,6.583913,42.021004,0.31125,60.858213,349.641166,349.641166,9.721882,cpu,selected,27,148,0,0,0,0
nvidia,wide-fast-cpu-r1,7,steady,4200000,600000,22.600402,7.347324,0.00059,22.449383,94.510166,116.579673,6.466795,42.218072,0.339899,62.088968,352.00087,352.00087,9.621293,cpu,selected,29,177,0,0,0,0
nvidia,wide-fast-cpu-r1,8,steady,4800000,600000,22.599146,7.322311,0.000718,24.04954,116.503085,123.789256,6.461413,42.563412,0.368806,60.966706,382.025247,382.025247,9.587623,cpu,selected,11,188,0,0,0,0
nvidia,wide-fast-cpu-r1,9,steady,5400000,600000,25.360315,8.459114,0.000632,31.911693,128.357195,180.253689,6.468474,41.296013,0.456371,60.357398,457.560579,457.560579,9.575577,cpu,selected,25,213,0,0,0,0
nvidia,wide-fast-cpu-r1,10,steady,6000000,600000,22.347847,7.342805,0.000547,24.883943,118.694976,194.418352,6.489175,42.937086,0.641697,60.960475,456.369056,456.369056,9.623738,cpu,selected,28,241,0,0,0,0
nvidia,wide-fast-cpu-r1,11,steady,6600000,600000,22.993779,7.290709,0.000479,24.969993,111.324729,128.310775,6.498069,41.36279,0.596712,60.560904,380.91516,380.91516,10.655482,cpu,selected,30,271,0,0,0,0
nvidia,wide-fast-cpu-r1,12,steady,7200000,600000,25.190063,8.422321,0.000656,33.443168,147.631168,112.631513,6.451148,41.533029,0.661925,60.250853,411.025781,411.025781,9.592263,cpu,selected,28,299,0,0,0,0
nvidia,wide-fast-cpu-r1,13,steady,7800000,600000,22.436306,7.266284,0.000648,24.805106,115.713143,148.763983,6.557381,42.28349,0.821353,60.922313,407.133701,407.133701,9.606434,cpu,selected,38,337,0,0,0,0
nvidia,wide-fast-cpu-r1,14,steady,8400000,600000,22.630839,7.146345,0.000495,27.130166,116.536661,153.567056,6.475731,41.621681,0.814696,61.498342,414.791173,414.791173,9.581843,cpu,selected,28,365,0,0,0,0
nvidia,wide-fast-cpu-r1,15,steady,9000000,600000,22.54627,7.239922,0.000373,23.11393,93.815923,137.884362,6.435106,42.410301,0.86504,60.59669,372.361647,372.361647,9.565443,cpu,selected,21,385,0,0,0,0
nvidia,wide-fast-gpu-r1,0,gpu_qualification,0,600000,60.570182,14.879129,0.00066,30.47819,111.381805,226.927668,6.436507,41.497325,0.06479,61.952706,493.61878,493.61878,9.546603,cpu,checking,19,19,0,0,0,0
nvidia,wide-fast-gpu-r1,1,gpu_qualification,600000,600000,22.461759,7.122539,0.000446,24.986727,86.617208,213.591533,6.513441,42.804529,0.115048,61.716618,443.468089,443.468089,9.455648,cpu,checking,23,42,0,0,0,0
nvidia,wide-fast-gpu-r1,2,gpu_qualification,1200000,600000,22.522977,7.250278,0.000346,23.378207,118.327754,172.960229,6.540237,41.957684,0.118963,60.751566,431.285264,431.285264,9.663523,cpu,ready,17,59,0,0,0,0
nvidia,wide-fast-gpu-r1,3,steady,1800000,600000,22.40905,7.127217,0.000339,23.744511,84.358312,43.413049,6.666869,51.905021,0.236925,65.298607,282.75085,282.75085,12.869173,vulkan,ready,19,77,7.926029349e-07,6.839454891e-07,0,0
nvidia,wide-fast-gpu-r1,4,steady,2400000,600000,22.605551,7.138986,0.000307,25.855016,134.313743,51.197043,10.236231,45.786672,0.199852,60.294652,335.022502,335.022502,12.817964,vulkan,ready,21,98,8.001506223e-07,6.576527111e-07,0,0
nvidia,wide-fast-gpu-r1,5,steady,3000000,600000,22.264255,7.126952,0.000399,24.659473,117.595412,40.756507,6.992769,41.73036,0.269334,60.776716,299.907922,299.907922,12.801532,vulkan,ready,23,121,8.01323003e-07,9.147312275e-07,0,0
nvidia,wide-fast-gpu-r1,6,steady,3600000,600000,22.369147,7.189241,0.00048,23.313625,83.774071,41.587226,8.594397,45.499505,0.318092,60.794675,271.071312,271.071312,12.953381,vulkan,ready,27,148,7.943228995e-07,6.092914561e-07,0,0
nvidia,wide-fast-gpu-r1,7,steady,4200000,600000,22.68466,7.120791,0.000266,24.245353,97.162573,38.016003,6.587631,41.400719,0.349032,60.486535,275.368903,275.368903,12.903047,vulkan,ready,29,177,8.125863212e-07,1.052808395e-06,0,0
nvidia,wide-fast-gpu-r1,8,steady,4800000,600000,22.62965,7.068665,0.000387,22.270871,89.634042,56.001148,6.553715,41.326519,0.377085,60.36275,283.595182,283.595182,12.837528,vulkan,ready,11,188,8.156232858e-07,6.113552657e-07,0,0
nvidia,wide-fast-gpu-r1,9,steady,5400000,600000,22.621924,7.154609,0.000502,22.947433,93.533085,51.379135,6.885164,41.335413,0.483204,60.476555,284.1951,284.1951,12.900792,vulkan,ready,25,213,8.048206519e-07,5.984044504e-07,0,0
nvidia,wide-fast-gpu-r1,10,steady,6000000,600000,22.230637,7.330143,0.000418,24.129611,105.45086,45.051423,6.841151,42.159241,0.522357,71.358675,302.843879,302.843879,17.689238,vulkan,ready,28,241,7.894547702e-07,6.292856672e-07,0,0
nvidia,wide-fast-gpu-r1,11,steady,6600000,600000,23.334613,7.202032,0.000481,26.645625,109.644631,53.238274,6.594485,42.789551,0.610457,60.903546,307.629082,307.629082,13.106913,vulkan,ready,30,271,7.994520954e-07,7.009779554e-07,0,0
nvidia,wide-fast-gpu-r1,12,steady,7200000,600000,22.407545,7.17475,0.000593,24.514965,126.321405,57.422671,6.60306,41.201501,0.692499,60.50077,324.432214,324.432214,12.932309,vulkan,ready,28,299,7.988143038e-07,7.059379368e-07,0,0
nvidia,wide-fast-gpu-r1,13,steady,7800000,600000,22.133518,7.310853,0.000758,23.410665,88.837245,65.25645,8.858191,41.784763,0.820095,60.719621,296.998641,296.998641,13.246522,vulkan,ready,38,337,8.166789406e-07,4.783041661e-07,0,0
nvidia,wide-fast-gpu-r1,14,steady,8400000,600000,24.380422,7.366975,0.000376,23.866031,107.940331,81.743494,9.961423,45.765939,0.870171,60.444395,337.959135,337.959135,12.795837,vulkan,ready,28,365,8.321436091e-07,6.256683118e-07,0,0
nvidia,wide-fast-gpu-r1,15,steady,9000000,600000,22.171553,7.161589,0.000448,24.619811,90.770108,62.191914,8.925093,41.639974,0.86975,60.364681,296.543368,296.543368,12.862062,vulkan,ready,21,385,8.360643805e-07,6.410232756e-07,0,0
nvidia,wide-fast-gpu-r2,0,gpu_qualification,0,600000,56.935529,14.555184,0.000458,29.264339,126.733118,182.133477,6.39289,41.078591,0.067966,62.180982,462.407005,462.407005,9.524891,cpu,checking,19,19,0,0,0,0
nvidia,wide-fast-gpu-r2,1,gpu_qualification,600000,600000,22.479357,7.374121,0.000401,27.615996,89.805481,189.657523,6.414071,41.741603,0.096635,62.345289,425.05112,425.05112,9.967943,cpu,checking,23,42,0,0,0,0
nvidia,wide-fast-gpu-r2,2,gpu_qualification,1200000,600000,28.449789,7.059608,0.000386,24.174899,85.730515,163.760386,7.473311,42.67241,0.1224,60.420365,391.41428,391.41428,9.577578,cpu,ready,17,59,0,0,0,0
nvidia,wide-fast-gpu-r2,3,steady,1800000,600000,22.468168,7.132864,0.000591,24.520517,117.669041,35.873337,6.428006,41.604547,0.178519,60.346694,293.754116,293.754116,12.950925,vulkan,ready,19,77,7.926029349e-07,6.839454891e-07,0,0
nvidia,wide-fast-gpu-r2,4,steady,2400000,600000,22.640628,7.134382,0.000521,23.438768,104.217794,41.974427,6.517925,41.523893,0.196607,60.315684,285.320001,285.320001,12.890811,vulkan,ready,21,98,8.001506223e-07,6.576527111e-07,0,0
nvidia,wide-fast-gpu-r2,5,steady,3000000,600000,22.19697,7.191334,0.000401,22.654311,106.232221,40.69035,6.415952,41.580774,0.264502,60.247648,285.277493,285.277493,12.879453,vulkan,ready,23,121,8.01323003e-07,9.147312275e-07,0,0
nvidia,wide-fast-gpu-r2,6,steady,3600000,600000,22.480396,7.166224,0.000349,22.49251,85.090856,40.374076,9.227168,44.754145,0.340842,60.536377,269.982547,269.982547,13.309065,vulkan,ready,27,148,7.943228995e-07,6.092914561e-07,0,0
nvidia,wide-fast-gpu-r2,7,steady,4200000,600000,22.997093,7.149021,0.000427,22.51851,114.916868,46.935152,7.825571,41.662662,0.339491,61.129636,302.477338,302.477338,12.973339,vulkan,ready,29,177,8.125863212e-07,1.052808395e-06,0,0
nvidia,wide-fast-gpu-r2,8,steady,4800000,600000,22.597158,7.449132,0.000527,24.07533,98.689272,38.443108,6.983028,42.554732,0.388258,61.319275,279.902662,279.902662,13.089817,vulkan,ready,11,188,8.156232858e-07,6.113552657e-07,0,0
nvidia,wide-fast-gpu-r2,9,steady,5400000,600000,22.806048,7.162747,0.000445,24.384641,129.718901,44.414278,6.605954,42.148642,0.464683,60.5343,315.434591,315.434591,12.869986,vulkan,ready,25,213,8.048206519e-07,5.984044504e-07,0,0
nvidia,wide-fast-gpu-r2,10,steady,6000000,600000,22.324573,7.121339,0.000547,22.039231,95.572748,44.478238,8.292529,45.980063,0.520725,60.796061,284.801481,284.801481,13.077213,vulkan,ready,28,241,7.894547702e-07,6.292856672e-07,0,0
nvidia,wide-fast-gpu-r2,11,steady,6600000,600000,22.654568,7.210931,0.000647,24.104322,107.85105,55.023441,6.476222,42.175597,0.647868,61.005333,304.495411,304.495411,13.341616,vulkan,ready,30,271,7.994520954e-07,7.009779554e-07,0,0
nvidia,wide-fast-gpu-r2,12,steady,7200000,600000,26.444359,8.658818,0.000562,22.885579,80.522906,74.744451,9.215279,42.981566,0.662632,60.452045,300.123838,300.123838,12.861351,vulkan,ready,28,299,7.988143038e-07,7.059379368e-07,0,0
nvidia,wide-fast-gpu-r2,13,steady,7800000,600000,21.94286,7.144779,0.000478,22.895711,124.359619,58.04753,6.757533,44.128197,0.757709,61.4158,325.507356,325.507356,12.914225,vulkan,ready,38,337,8.166789406e-07,4.783041661e-07,0,0
nvidia,wide-fast-gpu-r2,14,steady,8400000,600000,22.676004,7.189302,0.000428,25.471991,117.947749,58.705895,6.599219,55.24099,0.842746,60.815704,332.814024,332.814024,13.650119,vulkan,ready,28,365,8.321436091e-07,6.256683118e-07,0,0
nvidia,wide-fast-gpu-r2,15,steady,9000000,600000,22.34573,7.235541,0.000499,25.183027,113.525624,56.809456,6.54783,43.036147,0.874346,61.363156,314.575626,314.575626,13.448343,vulkan,ready,21,385,8.360643805e-07,6.410232756e-07,0,0
nvidia,wide-fast-cpu-r2,0,cold,0,600000,54.380927,14.73423,0.000631,30.86077,113.119743,114.710322,6.377161,41.995735,0.068781,60.357537,382.22491,382.22491,10.393231,cpu,selected,19,19,0,0,0,0
nvidia,wide-fast-cpu-r2,1,warmup,600000,600000,22.740872,10.280556,0.000762,24.055313,107.643494,130.392111,6.474505,41.339699,0.087701,60.256503,380.530644,380.530644,9.738114,cpu,selected,23,42,0,0,0,0
nvidia,wide-fast-cpu-r2,2,warmup,1200000,600000,22.755072,7.596955,0.000804,23.625842,99.998943,165.241491,6.431529,41.671993,0.118778,60.456035,405.14237,405.14237,9.501464,cpu,selected,17,59,0,0,0,0
nvidia,wide-fast-cpu-r2,3,steady,1800000,600000,22.399427,7.624243,0.000655,21.925597,100.747667,114.147052,6.463223,41.123629,0.176807,60.157576,352.366449,352.366449,9.521732,cpu,selected,19,77,0,0,0,0
nvidia,wide-fast-cpu-r2,4,steady,2400000,600000,22.478926,7.406598,0.000367,23.345998,98.085435,126.030958,6.467647,41.730153,0.209605,60.421258,363.698019,363.698019,9.575335,cpu,selected,21,98,0,0,0,0
nvidia,wide-fast-cpu-r2,5,steady,3000000,600000,22.49357,7.55257,0.000678,24.709599,111.516581,206.286324,6.456927,41.232273,0.267539,60.206396,458.228887,458.228887,9.538019,cpu,selected,23,121,0,0,0,0
nvidia,wide-fast-cpu-r2,6,steady,3600000,600000,22.297136,7.648232,0.0005,23.468734,107.480999,123.703729,6.50975,41.701662,0.308145,60.540787,371.362538,371.362538,9.486442,cpu,selected,27,148,0,0,0,0
nvidia,wide-fast-cpu-r2,7,steady,4200000,600000,22.357339,7.400245,0.000938,22.340273,102.121793,118.238382,6.453594,41.452167,0.346592,60.432592,358.786576,358.786576,9.503666,cpu,selected,29,177,0,0,0,0
nvidia,wide-fast-cpu-r2,8,steady,4800000,600000,22.578319,7.507035,0.000846,23.404714,96.713556,117.7146,6.470118,41.000345,0.370653,60.522992,353.704859,353.704859,9.616127,cpu,selected,11,188,0,0,0,0
nvidia,wide-fast-cpu-r2,9,steady,5400000,600000,22.507294,7.68358,0.00043,22.897626,127.875119,150.158482,6.4612,41.051866,0.448426,60.288755,416.865484,416.865484,9.58434,cpu,selected,25,213,0,0,0,0
nvidia,wide-fast-cpu-r2,10,steady,6000000,600000,22.209232,7.532965,0.000523,24.692163,106.129839,123.747795,6.518627,42.159316,0.502398,64.368951,375.652577,375.652577,11.273196,cpu,selected,28,241,0,0,0,0
nvidia,wide-fast-cpu-r2,11,steady,6600000,600000,22.444282,7.478415,0.000745,24.68241,112.476036,114.353668,6.470515,42.550822,0.600977,60.401138,369.014726,369.014726,9.550405,cpu,selected,30,271,0,0,0,0
nvidia,wide-fast-cpu-r2,12,steady,7200000,600000,22.659328,7.639975,0.000667,22.851628,97.046665,173.375152,6.526213,42.821102,0.672977,61.046035,411.980414,411.980414,9.529279,cpu,selected,28,299,0,0,0,0
nvidia,wide-fast-cpu-r2,13,steady,7800000,600000,23.525548,9.315278,0.000422,27.881575,106.646159,118.764211,6.424536,41.541413,0.776391,60.195917,371.545902,371.545902,9.555385,cpu,selected,38,337,0,0,0,0
nvidia,wide-fast-cpu-r2,14,steady,8400000,600000,22.427463,7.671013,0.000497,23.039247,108.012704,133.411938,6.960388,41.85946,0.811168,60.143972,381.910387,381.910387,9.503739,cpu,selected,28,365,0,0,0,0
nvidia,wide-fast-cpu-r2,15,steady,9000000,600000,22.759524,7.636037,0.000465,26.110657,98.190278,113.622476,6.521565,41.494018,0.891555,60.942167,355.409218,355.409218,9.725578,cpu,selected,21,385,0,0,0,0
nvidia,wide-upstream-cpu-r2,0,cold,0,600000,40.379974,14.935579,0.000607,28.716461,120.357387,169.149414,0.001422,48.292867,0.075325,66.654125,448.183187,448.183187,7.157238,cpu,upstream,19,19,0,0,0,0
nvidia,wide-upstream-cpu-r2,1,warmup,600000,600000,23.469619,6.431152,0.000417,30.91669,127.431981,134.737302,0.001157,47.409759,0.082893,65.371977,412.383328,412.383328,6.951887,cpu,upstream,23,42,0,0,0,0
nvidia,wide-upstream-cpu-r2,2,warmup,1200000,600000,22.344176,6.247996,0.000251,23.129253,106.486895,182.111963,0.001157,47.345397,0.111586,65.344478,430.778976,430.778976,6.965877,cpu,upstream,17,59,0,0,0,0
nvidia,wide-upstream-cpu-r2,3,steady,1800000,600000,22.385272,6.216162,0.00039,23.163505,101.773471,124.325553,0.001133,47.633965,0.174749,65.313561,368.602489,368.602489,7.009093,cpu,upstream,19,78,0,0,0,0
nvidia,wide-upstream-cpu-r2,4,steady,2400000,600000,22.585682,6.428574,0.00059,25.345398,101.816438,140.22161,0.002168,48.169928,0.202292,65.823152,388.01015,388.01015,7.011695,cpu,upstream,21,99,0,0,0,0
nvidia,wide-upstream-cpu-r2,5,steady,3000000,600000,22.370975,6.281343,0.000412,23.099842,110.266261,153.369789,0.000803,48.414443,0.256855,64.950915,406.640663,406.640663,6.92434,cpu,upstream,23,122,0,0,0,0
nvidia,wide-upstream-cpu-r2,6,steady,3600000,600000,22.39822,6.223313,0.000289,23.596299,115.158583,128.401738,0.000905,49.935095,0.31518,65.551469,389.182871,389.182871,6.96604,cpu,upstream,26,148,0,0,0,0
nvidia,wide-upstream-cpu-r2,7,steady,4200000,600000,22.229968,6.218402,0.000278,22.751762,90.818052,121.651696,0.001008,47.528952,0.324547,66.318472,355.613169,355.613169,7.015567,cpu,upstream,29,177,0,0,0,0
nvidia,wide-upstream-cpu-r2,8,steady,4800000,600000,22.521434,6.247444,0.000284,23.235198,89.600768,129.924451,0.001479,47.816314,0.38714,65.658646,362.871724,362.871724,7.033548,cpu,upstream,11,188,0,0,0,0
nvidia,wide-upstream-cpu-r2,9,steady,5400000,600000,26.92499,7.340201,0.000261,23.718221,89.028135,131.773364,0.001322,47.228502,0.447247,65.647667,365.18492,365.18492,7.000721,cpu,upstream,24,212,0,0,0,0
nvidia,wide-upstream-cpu-r2,10,steady,6000000,600000,22.338689,6.392678,0.000478,23.932495,113.167831,140.715917,0.00085,47.73677,0.488628,70.968863,403.40451,403.40451,8.809521,cpu,upstream,28,240,0,0,0,0
nvidia,wide-upstream-cpu-r2,11,steady,6600000,600000,28.789626,6.224875,0.000511,25.598136,100.595591,122.710088,0.001172,51.060418,0.784357,72.176124,379.151272,379.151272,7.022824,cpu,upstream,30,270,0,0,0,0
nvidia,wide-upstream-cpu-r2,12,steady,7200000,600000,22.62018,6.243458,0.000378,24.629743,122.280855,118.405899,0.00107,47.410012,0.616877,65.792461,385.380753,385.380753,6.949748,cpu,upstream,28,298,0,0,0,0
nvidia,wide-upstream-cpu-r2,13,steady,7800000,600000,22.311048,6.250381,0.000481,23.817878,87.563359,114.750079,0.000914,47.659834,0.703611,65.386158,346.132695,346.132695,6.976107,cpu,upstream,38,336,0,0,0,0
nvidia,wide-upstream-cpu-r2,14,steady,8400000,600000,22.515457,6.273906,0.000333,24.169786,95.646979,188.713973,0.001896,48.319678,0.782447,67.248104,431.157102,431.157102,6.922209,cpu,upstream,27,363,0,0,0,0
nvidia,wide-upstream-cpu-r2,15,steady,9000000,600000,22.294593,6.41046,0.000358,22.964806,92.708475,118.06043,0.001046,50.125944,0.837608,66.110246,357.219373,357.219373,7.025488,cpu,upstream,20,383,0,0,0,0
